ENSG00000000457	3
ENSG00000000938	8
ENSG00000000971	5
ENSG00000001036	10
ENSG00000001461	4
ENSG00000002549	6
ENSG00000002586	5
ENSG00000002834	4
ENSG00000002919	2
ENSG00000003056	6
ENSG00000003147	7
ENSG00000003400	4
ENSG00000003402	10
ENSG00000003989	12
ENSG00000004399	5
ENSG00000004478	7
ENSG00000004534	7
ENSG00000004700	4
ENSG00000004766	4
ENSG00000004864	2
ENSG00000004866	11
ENSG00000004961	2
ENSG00000005007	2
ENSG00000005059	5
ENSG00000005238	5
ENSG00000005302	4
ENSG00000005381	4
ENSG00000005436	11
ENSG00000005469	11
ENSG00000005471	11
ENSG00000005486	2
ENSG00000005700	3
ENSG00000005812	2
ENSG00000005844	6
ENSG00000005882	4
ENSG00000005893	4
ENSG00000006007	9
ENSG00000006025	12
ENSG00000006062	12
ENSG00000006282	6
ENSG00000006451	3
ENSG00000006459	2
ENSG00000006534	5
ENSG00000006576	6
ENSG00000006607	6
ENSG00000006704	12
ENSG00000006715	7
ENSG00000007047	8
ENSG00000007168	4
ENSG00000007545	6
ENSG00000007944	2
ENSG00000008128	2
ENSG00000008130	6
ENSG00000008282	4
ENSG00000008283	5
ENSG00000008294	6
ENSG00000008513	2
ENSG00000008853	3
ENSG00000008869	6
ENSG00000009413	4
ENSG00000009790	4
ENSG00000010017	7
ENSG00000010165	3
ENSG00000010219	6
ENSG00000010256	12
ENSG00000010270	3
ENSG00000010278	11
ENSG00000010295	6
ENSG00000010322	3
ENSG00000010327	4
ENSG00000010361	5
ENSG00000010539	10
ENSG00000010610	10
ENSG00000010818	10
ENSG00000011028	6
ENSG00000011105	10
ENSG00000011260	9
ENSG00000011405	7
ENSG00000011451	11
ENSG00000011478	11
ENSG00000011523	11
ENSG00000011566	7
ENSG00000011600	6
ENSG00000011638	3
ENSG00000012061	5
ENSG00000012174	4
ENSG00000012211	3
ENSG00000012660	7
ENSG00000012779	2
ENSG00000012822	5
ENSG00000012983	7
ENSG00000013275	3
ENSG00000013288	3
ENSG00000013364	6
ENSG00000013523	6
ENSG00000013561	3
ENSG00000013563	6
ENSG00000013583	4
ENSG00000014123	6
ENSG00000014216	5
ENSG00000014257	8
ENSG00000014914	7
ENSG00000014919	4
ENSG00000015285	5
ENSG00000015475	3
ENSG00000017260	3
ENSG00000018189	9
ENSG00000018280	10
ENSG00000018510	7
ENSG00000019144	3
ENSG00000019169	9
ENSG00000019582	12
ENSG00000019991	2
ENSG00000019995	11
ENSG00000020426	10
ENSG00000020577	10
ENSG00000021300	11
ENSG00000021355	5
ENSG00000021574	3
ENSG00000022277	4
ENSG00000022567	2
ENSG00000023171	6
ENSG00000023191	3
ENSG00000023287	11
ENSG00000023318	3
ENSG00000023330	3
ENSG00000023516	6
ENSG00000023608	11
ENSG00000023892	5
ENSG00000023902	3
ENSG00000024048	3
ENSG00000024862	5
ENSG00000025039	10
ENSG00000025293	5
ENSG00000025434	10
ENSG00000025708	9
ENSG00000026025	3
ENSG00000026103	3
ENSG00000026297	3
ENSG00000026751	10
ENSG00000027075	12
ENSG00000027697	8
ENSG00000028137	5
ENSG00000028277	6
ENSG00000028528	6
ENSG00000029725	12
ENSG00000030110	3
ENSG00000030582	5
ENSG00000031081	8
ENSG00000032219	4
ENSG00000032389	4
ENSG00000032444	5
ENSG00000033030	11
ENSG00000033178	3
ENSG00000033627	4
ENSG00000033867	9
ENSG00000034510	4
ENSG00000034677	7
ENSG00000034713	5
ENSG00000035115	11
ENSG00000035862	7
ENSG00000036054	4
ENSG00000036448	12
ENSG00000036549	6
ENSG00000037042	4
ENSG00000037637	3
ENSG00000037749	8
ENSG00000038002	10
ENSG00000038382	6
ENSG00000038945	9
ENSG00000039319	10
ENSG00000039523	5
ENSG00000039650	3
ENSG00000040487	5
ENSG00000040608	11
ENSG00000040933	7
ENSG00000041880	4
ENSG00000042317	10
ENSG00000042445	6
ENSG00000042493	6
ENSG00000042753	5
ENSG00000043093	4
ENSG00000044090	3
ENSG00000044115	3
ENSG00000044446	12
ENSG00000046647	11
ENSG00000047056	8
ENSG00000047188	6
ENSG00000047249	5
ENSG00000047346	7
ENSG00000047365	2
ENSG00000047578	3
ENSG00000047579	5
ENSG00000047644	4
ENSG00000048392	6
ENSG00000048471	10
ENSG00000048707	6
ENSG00000048828	3
ENSG00000049089	6
ENSG00000049239	6
ENSG00000049245	3
ENSG00000049618	6
ENSG00000049656	9
ENSG00000049860	4
ENSG00000049883	12
ENSG00000050130	3
ENSG00000050405	3
ENSG00000051108	2
ENSG00000051128	3
ENSG00000051382	9
ENSG00000051523	5
ENSG00000052749	2
ENSG00000052795	10
ENSG00000053501	2
ENSG00000053918	8
ENSG00000054116	3
ENSG00000054118	3
ENSG00000054282	5
ENSG00000054523	7
ENSG00000054611	2
ENSG00000054965	4
ENSG00000054967	3
ENSG00000054983	10
ENSG00000055147	6
ENSG00000055163	6
ENSG00000055208	8
ENSG00000055211	2
ENSG00000055483	12
ENSG00000055955	11
ENSG00000056586	6
ENSG00000056972	4
ENSG00000057252	3
ENSG00000057608	4
ENSG00000057757	11
ENSG00000058799	4
ENSG00000059377	4
ENSG00000059378	10
ENSG00000059691	4
ENSG00000059728	8
ENSG00000059758	6
ENSG00000059769	2
ENSG00000060237	6
ENSG00000060491	3
ENSG00000060558	5
ENSG00000060642	5
ENSG00000060971	5
ENSG00000060982	6
ENSG00000061656	8
ENSG00000062038	2
ENSG00000062194	12
ENSG00000062485	6
ENSG00000062524	6
ENSG00000062598	3
ENSG00000062650	4
ENSG00000062716	3
ENSG00000062725	3
ENSG00000063169	6
ENSG00000063177	11
ENSG00000063180	4
ENSG00000063438	3
ENSG00000063587	6
ENSG00000063601	6
ENSG00000063854	5
ENSG00000064201	7
ENSG00000064225	5
ENSG00000064601	6
ENSG00000064652	10
ENSG00000064666	8
ENSG00000064687	8
ENSG00000064886	10
ENSG00000064932	2
ENSG00000064999	3
ENSG00000065000	3
ENSG00000065029	6
ENSG00000065054	5
ENSG00000065060	6
ENSG00000065357	5
ENSG00000065413	6
ENSG00000065457	12
ENSG00000065526	6
ENSG00000065600	11
ENSG00000065613	2
ENSG00000065615	3
ENSG00000065802	10
ENSG00000065923	11
ENSG00000065970	8
ENSG00000065989	7
ENSG00000066056	5
ENSG00000066084	4
ENSG00000066294	11
ENSG00000066322	3
ENSG00000066336	2
ENSG00000066455	3
ENSG00000066777	10
ENSG00000066923	6
ENSG00000066926	2
ENSG00000067066	2
ENSG00000067082	2
ENSG00000067167	7
ENSG00000067208	3
ENSG00000067221	3
ENSG00000067225	3
ENSG00000067365	12
ENSG00000067560	12
ENSG00000067829	5
ENSG00000067992	10
ENSG00000068028	2
ENSG00000068079	2
ENSG00000068097	10
ENSG00000068120	3
ENSG00000068308	3
ENSG00000068323	2
ENSG00000068366	8
ENSG00000068697	4
ENSG00000068903	10
ENSG00000068912	3
ENSG00000068971	10
ENSG00000069329	4
ENSG00000069345	2
ENSG00000069399	3
ENSG00000069424	4
ENSG00000069849	3
ENSG00000069943	5
ENSG00000069974	3
ENSG00000070010	2
ENSG00000070061	12
ENSG00000070190	7
ENSG00000070214	6
ENSG00000070367	4
ENSG00000070371	11
ENSG00000070413	2
ENSG00000070476	6
ENSG00000070540	3
ENSG00000070610	3
ENSG00000070669	11
ENSG00000070759	8
ENSG00000070770	11
ENSG00000070831	3
ENSG00000070882	2
ENSG00000070961	2
ENSG00000071073	5
ENSG00000071082	12
ENSG00000071127	6
ENSG00000071189	2
ENSG00000071205	3
ENSG00000071242	10
ENSG00000071246	7
ENSG00000071537	6
ENSG00000071553	6
ENSG00000071655	11
ENSG00000071859	5
ENSG00000071889	3
ENSG00000072042	9
ENSG00000072062	3
ENSG00000072110	3
ENSG00000072121	2
ENSG00000072135	5
ENSG00000072274	2
ENSG00000072310	6
ENSG00000072364	6
ENSG00000072401	2
ENSG00000072415	10
ENSG00000072422	11
ENSG00000072518	3
ENSG00000072609	2
ENSG00000072778	3
ENSG00000072786	7
ENSG00000072803	3
ENSG00000072818	5
ENSG00000072849	2
ENSG00000072864	2
ENSG00000072952	3
ENSG00000073008	3
ENSG00000073331	9
ENSG00000073417	8
ENSG00000073605	11
ENSG00000073737	4
ENSG00000073921	6
ENSG00000073969	3
ENSG00000074054	6
ENSG00000074319	5
ENSG00000074416	10
ENSG00000074582	12
ENSG00000074603	2
ENSG00000074621	6
ENSG00000074696	11
ENSG00000074706	2
ENSG00000074855	6
ENSG00000074935	11
ENSG00000074964	3
ENSG00000075089	3
ENSG00000075234	6
ENSG00000075240	11
ENSG00000075275	10
ENSG00000075303	6
ENSG00000075336	3
ENSG00000075391	11
ENSG00000075399	7
ENSG00000075407	7
ENSG00000075413	2
ENSG00000075420	3
ENSG00000075426	2
ENSG00000075624	5
ENSG00000075651	10
ENSG00000075711	6
ENSG00000075785	3
ENSG00000075790	10
ENSG00000075884	4
ENSG00000075945	10
ENSG00000076067	7
ENSG00000076201	3
ENSG00000076321	11
ENSG00000076351	9
ENSG00000076513	6
ENSG00000076662	6
ENSG00000076928	3
ENSG00000076944	5
ENSG00000076984	11
ENSG00000077150	3
ENSG00000077232	3
ENSG00000077238	3
ENSG00000077380	3
ENSG00000077420	2
ENSG00000077458	11
ENSG00000077549	5
ENSG00000077585	10
ENSG00000077713	3
ENSG00000077782	11
ENSG00000077984	12
ENSG00000078124	3
ENSG00000078140	3
ENSG00000078142	4
ENSG00000078177	6
ENSG00000078401	9
ENSG00000078674	4
ENSG00000078687	12
ENSG00000078699	6
ENSG00000078747	7
ENSG00000078804	2
ENSG00000078808	3
ENSG00000078902	3
ENSG00000078967	10
ENSG00000079134	12
ENSG00000079215	8
ENSG00000079257	11
ENSG00000079277	4
ENSG00000079308	10
ENSG00000079313	11
ENSG00000079385	2
ENSG00000079432	4
ENSG00000079950	6
ENSG00000080200	3
ENSG00000080371	2
ENSG00000080503	11
ENSG00000080546	3
ENSG00000080815	9
ENSG00000080819	3
ENSG00000080822	2
ENSG00000081014	2
ENSG00000081019	6
ENSG00000081087	4
ENSG00000081154	7
ENSG00000081181	9
ENSG00000081237	8
ENSG00000081320	2
ENSG00000081386	6
ENSG00000081791	3
ENSG00000082014	11
ENSG00000082074	9
ENSG00000082146	5
ENSG00000082196	12
ENSG00000082213	12
ENSG00000082269	7
ENSG00000082397	10
ENSG00000082438	11
ENSG00000082512	12
ENSG00000082641	3
ENSG00000082701	4
ENSG00000082781	7
ENSG00000082898	4
ENSG00000082996	6
ENSG00000083168	6
ENSG00000083223	9
ENSG00000083290	10
ENSG00000083312	6
ENSG00000083444	4
ENSG00000083520	9
ENSG00000083544	12
ENSG00000083750	6
ENSG00000083799	4
ENSG00000083812	2
ENSG00000083814	5
ENSG00000083817	12
ENSG00000083845	12
ENSG00000083896	6
ENSG00000083937	10
ENSG00000084070	8
ENSG00000084092	11
ENSG00000084093	2
ENSG00000084110	4
ENSG00000084112	3
ENSG00000084234	2
ENSG00000084444	10
ENSG00000084676	3
ENSG00000084731	3
ENSG00000084733	3
ENSG00000084754	5
ENSG00000085063	10
ENSG00000085231	7
ENSG00000085265	3
ENSG00000085365	4
ENSG00000085382	11
ENSG00000085449	7
ENSG00000085491	6
ENSG00000085514	8
ENSG00000085662	12
ENSG00000085760	4
ENSG00000085832	3
ENSG00000085871	5
ENSG00000085982	6
ENSG00000086061	7
ENSG00000086062	4
ENSG00000086065	8
ENSG00000086102	12
ENSG00000086300	7
ENSG00000086666	5
ENSG00000086730	5
ENSG00000086758	6
ENSG00000086848	10
ENSG00000087053	4
ENSG00000087076	10
ENSG00000087086	4
ENSG00000087088	3
ENSG00000087095	9
ENSG00000087111	4
ENSG00000087116	10
ENSG00000087157	3
ENSG00000087253	9
ENSG00000087266	4
ENSG00000087274	4
ENSG00000087301	11
ENSG00000087884	10
ENSG00000087995	10
ENSG00000088179	12
ENSG00000088298	5
ENSG00000088356	10
ENSG00000088367	8
ENSG00000088448	12
ENSG00000088808	7
ENSG00000088812	2
ENSG00000088826	2
ENSG00000088827	10
ENSG00000088832	5
ENSG00000088854	10
ENSG00000088876	11
ENSG00000088970	11
ENSG00000088986	7
ENSG00000088992	3
ENSG00000089006	11
ENSG00000089041	9
ENSG00000089057	6
ENSG00000089060	9
ENSG00000089127	6
ENSG00000089157	12
ENSG00000089159	3
ENSG00000089177	11
ENSG00000089220	12
ENSG00000089248	12
ENSG00000089289	5
ENSG00000089505	11
ENSG00000089639	3
ENSG00000089682	4
ENSG00000089775	11
ENSG00000089820	5
ENSG00000089876	4
ENSG00000090006	11
ENSG00000090013	7
ENSG00000090054	2
ENSG00000090061	6
ENSG00000090104	10
ENSG00000090238	5
ENSG00000090339	9
ENSG00000090376	10
ENSG00000090382	5
ENSG00000090432	2
ENSG00000090487	4
ENSG00000090581	5
ENSG00000090621	12
ENSG00000090659	8
ENSG00000090674	5
ENSG00000090861	8
ENSG00000090905	6
ENSG00000090924	3
ENSG00000090989	7
ENSG00000091039	6
ENSG00000091073	3
ENSG00000091106	9
ENSG00000091140	3
ENSG00000091157	2
ENSG00000091164	7
ENSG00000091317	2
ENSG00000091490	3
ENSG00000091592	4
ENSG00000091831	6
ENSG00000091947	3
ENSG00000092068	9
ENSG00000092094	12
ENSG00000092529	5
ENSG00000092531	4
ENSG00000092841	6
ENSG00000092929	5
ENSG00000092931	4
ENSG00000093010	5
ENSG00000093072	6
ENSG00000093134	10
ENSG00000093183	10
ENSG00000094975	7
ENSG00000095015	10
ENSG00000095066	5
ENSG00000095139	2
ENSG00000095209	11
ENSG00000095303	5
ENSG00000095321	5
ENSG00000095380	3
ENSG00000095383	3
ENSG00000095574	6
ENSG00000095585	11
ENSG00000095739	11
ENSG00000095794	4
ENSG00000095951	2
ENSG00000095970	6
ENSG00000096093	5
ENSG00000096717	2
ENSG00000096968	6
ENSG00000096996	5
ENSG00000097007	6
ENSG00000097033	3
ENSG00000099219	7
ENSG00000099246	2
ENSG00000099250	8
ENSG00000099282	4
ENSG00000099290	4
ENSG00000099308	5
ENSG00000099330	5
ENSG00000099331	10
ENSG00000099337	3
ENSG00000099341	8
ENSG00000099377	10
ENSG00000099785	10
ENSG00000099860	2
ENSG00000099940	5
ENSG00000099942	6
ENSG00000099985	2
ENSG00000099991	2
ENSG00000099992	3
ENSG00000099998	5
ENSG00000099999	10
ENSG00000100003	10
ENSG00000100024	4
ENSG00000100027	12
ENSG00000100030	4
ENSG00000100038	12
ENSG00000100055	5
ENSG00000100068	12
ENSG00000100077	6
ENSG00000100083	10
ENSG00000100092	4
ENSG00000100097	5
ENSG00000100099	6
ENSG00000100100	11
ENSG00000100122	9
ENSG00000100129	11
ENSG00000100151	10
ENSG00000100207	6
ENSG00000100211	3
ENSG00000100221	10
ENSG00000100225	4
ENSG00000100226	6
ENSG00000100243	2
ENSG00000100266	3
ENSG00000100280	9
ENSG00000100284	7
ENSG00000100288	6
ENSG00000100292	3
ENSG00000100299	3
ENSG00000100307	11
ENSG00000100330	8
ENSG00000100342	4
ENSG00000100348	4
ENSG00000100350	12
ENSG00000100359	11
ENSG00000100360	12
ENSG00000100364	5
ENSG00000100365	5
ENSG00000100368	10
ENSG00000100373	5
ENSG00000100379	3
ENSG00000100380	12
ENSG00000100417	5
ENSG00000100418	3
ENSG00000100422	11
ENSG00000100425	11
ENSG00000100427	4
ENSG00000100439	10
ENSG00000100461	3
ENSG00000100485	2
ENSG00000100504	7
ENSG00000100523	12
ENSG00000100554	3
ENSG00000100564	10
ENSG00000100568	2
ENSG00000100575	11
ENSG00000100577	5
ENSG00000100580	7
ENSG00000100591	3
ENSG00000100592	7
ENSG00000100596	7
ENSG00000100599	5
ENSG00000100600	10
ENSG00000100605	3
ENSG00000100612	3
ENSG00000100614	2
ENSG00000100644	4
ENSG00000100647	3
ENSG00000100664	9
ENSG00000100697	6
ENSG00000100711	3
ENSG00000100722	7
ENSG00000100744	8
ENSG00000100802	4
ENSG00000100815	3
ENSG00000100852	10
ENSG00000100865	3
ENSG00000100888	6
ENSG00000100889	5
ENSG00000100897	7
ENSG00000100906	2
ENSG00000100926	3
ENSG00000100938	5
ENSG00000100949	2
ENSG00000100968	4
ENSG00000100979	10
ENSG00000100983	4
ENSG00000100985	3
ENSG00000100991	3
ENSG00000100997	11
ENSG00000101000	5
ENSG00000101004	12
ENSG00000101017	3
ENSG00000101019	3
ENSG00000101079	5
ENSG00000101084	2
ENSG00000101096	6
ENSG00000101109	3
ENSG00000101132	11
ENSG00000101150	3
ENSG00000101152	3
ENSG00000101160	7
ENSG00000101161	11
ENSG00000101166	7
ENSG00000101187	5
ENSG00000101191	6
ENSG00000101197	10
ENSG00000101210	11
ENSG00000101216	10
ENSG00000101236	2
ENSG00000101247	9
ENSG00000101255	2
ENSG00000101265	4
ENSG00000101290	5
ENSG00000101294	3
ENSG00000101307	4
ENSG00000101310	8
ENSG00000101331	10
ENSG00000101336	3
ENSG00000101337	3
ENSG00000101347	8
ENSG00000101350	2
ENSG00000101363	3
ENSG00000101421	3
ENSG00000101439	5
ENSG00000101444	12
ENSG00000101457	4
ENSG00000101473	5
ENSG00000101474	10
ENSG00000101558	3
ENSG00000101596	6
ENSG00000101608	5
ENSG00000101639	12
ENSG00000101654	11
ENSG00000101745	2
ENSG00000101751	7
ENSG00000101752	6
ENSG00000101843	4
ENSG00000101846	2
ENSG00000101882	11
ENSG00000101888	2
ENSG00000101916	10
ENSG00000101935	9
ENSG00000101940	3
ENSG00000101986	4
ENSG00000101997	3
ENSG00000102007	5
ENSG00000102032	6
ENSG00000102034	4
ENSG00000102096	2
ENSG00000102103	12
ENSG00000102125	5
ENSG00000102144	4
ENSG00000102158	3
ENSG00000102172	11
ENSG00000102181	6
ENSG00000102189	2
ENSG00000102218	3
ENSG00000102265	6
ENSG00000102309	5
ENSG00000102312	4
ENSG00000102316	7
ENSG00000102393	4
ENSG00000102401	9
ENSG00000102409	6
ENSG00000102524	5
ENSG00000102531	6
ENSG00000102543	11
ENSG00000102547	10
ENSG00000102575	10
ENSG00000102580	2
ENSG00000102678	11
ENSG00000102699	4
ENSG00000102760	10
ENSG00000102781	10
ENSG00000102794	9
ENSG00000102796	5
ENSG00000102804	11
ENSG00000102805	5
ENSG00000102871	3
ENSG00000102878	8
ENSG00000102879	5
ENSG00000102882	6
ENSG00000102897	3
ENSG00000102921	2
ENSG00000102981	11
ENSG00000102984	10
ENSG00000103005	8
ENSG00000103042	6
ENSG00000103043	10
ENSG00000103051	4
ENSG00000103061	12
ENSG00000103066	2
ENSG00000103091	6
ENSG00000103145	5
ENSG00000103160	3
ENSG00000103174	3
ENSG00000103187	3
ENSG00000103196	2
ENSG00000103197	11
ENSG00000103199	11
ENSG00000103227	5
ENSG00000103249	5
ENSG00000103253	5
ENSG00000103319	6
ENSG00000103343	3
ENSG00000103381	5
ENSG00000103415	3
ENSG00000103479	6
ENSG00000103490	5
ENSG00000103496	4
ENSG00000103502	3
ENSG00000103507	3
ENSG00000103510	12
ENSG00000103522	10
ENSG00000103528	5
ENSG00000103544	6
ENSG00000103569	10
ENSG00000103642	9
ENSG00000103653	5
ENSG00000103657	6
ENSG00000103671	4
ENSG00000103707	3
ENSG00000103769	4
ENSG00000103811	5
ENSG00000103855	9
ENSG00000103966	2
ENSG00000103994	3
ENSG00000104043	8
ENSG00000104081	3
ENSG00000104093	7
ENSG00000104133	5
ENSG00000104164	4
ENSG00000104177	6
ENSG00000104205	6
ENSG00000104213	10
ENSG00000104219	8
ENSG00000104221	10
ENSG00000104231	12
ENSG00000104267	2
ENSG00000104312	2
ENSG00000104324	5
ENSG00000104331	9
ENSG00000104343	4
ENSG00000104361	6
ENSG00000104365	6
ENSG00000104388	4
ENSG00000104408	12
ENSG00000104412	5
ENSG00000104419	2
ENSG00000104427	10
ENSG00000104447	10
ENSG00000104497	4
ENSG00000104517	8
ENSG00000104529	12
ENSG00000104660	10
ENSG00000104695	2
ENSG00000104760	10
ENSG00000104763	10
ENSG00000104765	6
ENSG00000104774	6
ENSG00000104783	5
ENSG00000104805	6
ENSG00000104812	3
ENSG00000104856	2
ENSG00000104859	8
ENSG00000104870	5
ENSG00000104872	5
ENSG00000104894	8
ENSG00000104897	11
ENSG00000104918	3
ENSG00000104921	10
ENSG00000104946	5
ENSG00000104951	2
ENSG00000104953	7
ENSG00000104972	5
ENSG00000104973	3
ENSG00000104974	6
ENSG00000104976	3
ENSG00000104998	3
ENSG00000105048	5
ENSG00000105122	3
ENSG00000105136	5
ENSG00000105193	12
ENSG00000105220	3
ENSG00000105223	9
ENSG00000105246	9
ENSG00000105327	2
ENSG00000105329	3
ENSG00000105339	2
ENSG00000105352	6
ENSG00000105355	5
ENSG00000105373	11
ENSG00000105374	2
ENSG00000105383	5
ENSG00000105402	5
ENSG00000105419	10
ENSG00000105438	4
ENSG00000105472	5
ENSG00000105483	4
ENSG00000105486	12
ENSG00000105499	10
ENSG00000105501	10
ENSG00000105514	4
ENSG00000105516	11
ENSG00000105520	2
ENSG00000105583	5
ENSG00000105609	10
ENSG00000105612	9
ENSG00000105619	3
ENSG00000105639	5
ENSG00000105640	11
ENSG00000105643	4
ENSG00000105656	2
ENSG00000105697	10
ENSG00000105698	11
ENSG00000105700	3
ENSG00000105701	5
ENSG00000105711	7
ENSG00000105778	4
ENSG00000105808	11
ENSG00000105810	10
ENSG00000105829	3
ENSG00000105835	9
ENSG00000105851	6
ENSG00000105854	6
ENSG00000105856	10
ENSG00000105865	12
ENSG00000105866	11
ENSG00000105875	11
ENSG00000105879	6
ENSG00000105926	9
ENSG00000105928	2
ENSG00000105939	3
ENSG00000105953	3
ENSG00000105963	3
ENSG00000105967	7
ENSG00000106049	5
ENSG00000106052	3
ENSG00000106077	2
ENSG00000106086	10
ENSG00000106100	3
ENSG00000106105	11
ENSG00000106178	6
ENSG00000106245	9
ENSG00000106266	5
ENSG00000106299	10
ENSG00000106330	4
ENSG00000106344	9
ENSG00000106348	3
ENSG00000106367	5
ENSG00000106397	3
ENSG00000106404	3
ENSG00000106460	4
ENSG00000106479	4
ENSG00000106524	8
ENSG00000106560	4
ENSG00000106571	11
ENSG00000106603	12
ENSG00000106605	9
ENSG00000106608	11
ENSG00000106638	3
ENSG00000106683	7
ENSG00000106688	11
ENSG00000106723	6
ENSG00000106733	7
ENSG00000106771	6
ENSG00000106780	3
ENSG00000106785	5
ENSG00000106799	2
ENSG00000106868	3
ENSG00000106948	2
ENSG00000106991	5
ENSG00000107020	5
ENSG00000107099	5
ENSG00000107140	10
ENSG00000107164	2
ENSG00000107175	3
ENSG00000107185	3
ENSG00000107201	3
ENSG00000107263	3
ENSG00000107282	11
ENSG00000107331	11
ENSG00000107341	11
ENSG00000107372	2
ENSG00000107518	11
ENSG00000107521	5
ENSG00000107537	5
ENSG00000107551	5
ENSG00000107562	11
ENSG00000107651	3
ENSG00000107669	2
ENSG00000107679	10
ENSG00000107738	4
ENSG00000107745	5
ENSG00000107758	3
ENSG00000107796	5
ENSG00000107798	6
ENSG00000107819	6
ENSG00000107829	2
ENSG00000107854	3
ENSG00000107862	3
ENSG00000107882	3
ENSG00000107897	4
ENSG00000107902	8
ENSG00000107957	6
ENSG00000108039	6
ENSG00000108061	2
ENSG00000108094	2
ENSG00000108100	7
ENSG00000108175	6
ENSG00000108219	3
ENSG00000108239	4
ENSG00000108306	5
ENSG00000108349	12
ENSG00000108389	12
ENSG00000108423	12
ENSG00000108469	4
ENSG00000108474	11
ENSG00000108509	8
ENSG00000108515	8
ENSG00000108518	3
ENSG00000108582	2
ENSG00000108591	12
ENSG00000108599	7
ENSG00000108622	5
ENSG00000108639	10
ENSG00000108669	3
ENSG00000108688	9
ENSG00000108691	7
ENSG00000108700	9
ENSG00000108771	10
ENSG00000108773	11
ENSG00000108774	3
ENSG00000108784	3
ENSG00000108788	5
ENSG00000108798	5
ENSG00000108799	6
ENSG00000108819	3
ENSG00000108828	7
ENSG00000108861	4
ENSG00000108932	2
ENSG00000108946	3
ENSG00000108963	11
ENSG00000109016	3
ENSG00000109046	8
ENSG00000109062	2
ENSG00000109066	2
ENSG00000109079	3
ENSG00000109099	7
ENSG00000109103	5
ENSG00000109220	2
ENSG00000109265	11
ENSG00000109270	3
ENSG00000109323	7
ENSG00000109436	5
ENSG00000109445	2
ENSG00000109458	12
ENSG00000109475	12
ENSG00000109501	2
ENSG00000109572	4
ENSG00000109618	6
ENSG00000109667	5
ENSG00000109743	8
ENSG00000109756	6
ENSG00000109762	3
ENSG00000109787	10
ENSG00000109790	8
ENSG00000109854	4
ENSG00000109861	3
ENSG00000109911	4
ENSG00000109920	6
ENSG00000110002	10
ENSG00000110013	7
ENSG00000110025	4
ENSG00000110031	5
ENSG00000110042	7
ENSG00000110047	5
ENSG00000110057	4
ENSG00000110074	12
ENSG00000110075	6
ENSG00000110077	6
ENSG00000110079	10
ENSG00000110080	12
ENSG00000110090	4
ENSG00000110171	3
ENSG00000110274	3
ENSG00000110315	4
ENSG00000110324	9
ENSG00000110330	8
ENSG00000110344	2
ENSG00000110395	6
ENSG00000110422	2
ENSG00000110435	3
ENSG00000110442	4
ENSG00000110446	6
ENSG00000110497	6
ENSG00000110514	3
ENSG00000110628	6
ENSG00000110651	5
ENSG00000110665	6
ENSG00000110697	3
ENSG00000110700	12
ENSG00000110711	12
ENSG00000110719	5
ENSG00000110721	11
ENSG00000110756	2
ENSG00000110844	6
ENSG00000110851	10
ENSG00000110876	8
ENSG00000110880	7
ENSG00000110911	10
ENSG00000110934	6
ENSG00000111144	5
ENSG00000111215	11
ENSG00000111229	4
ENSG00000111231	3
ENSG00000111237	5
ENSG00000111252	2
ENSG00000111266	10
ENSG00000111269	10
ENSG00000111275	7
ENSG00000111321	5
ENSG00000111335	5
ENSG00000111344	11
ENSG00000111424	9
ENSG00000111450	3
ENSG00000111540	3
ENSG00000111596	6
ENSG00000111640	2
ENSG00000111652	3
ENSG00000111653	4
ENSG00000111666	11
ENSG00000111669	5
ENSG00000111670	6
ENSG00000111674	10
ENSG00000111679	4
ENSG00000111684	3
ENSG00000111707	7
ENSG00000111726	4
ENSG00000111727	2
ENSG00000111729	11
ENSG00000111731	6
ENSG00000111737	2
ENSG00000111752	3
ENSG00000111790	2
ENSG00000111817	7
ENSG00000111832	12
ENSG00000111843	5
ENSG00000111859	10
ENSG00000111860	9
ENSG00000111885	10
ENSG00000111897	7
ENSG00000111911	10
ENSG00000111913	6
ENSG00000111961	10
ENSG00000111962	7
ENSG00000112033	3
ENSG00000112062	2
ENSG00000112096	2
ENSG00000112137	5
ENSG00000112139	12
ENSG00000112144	11
ENSG00000112146	6
ENSG00000112149	9
ENSG00000112167	12
ENSG00000112182	6
ENSG00000112195	3
ENSG00000112234	5
ENSG00000112303	9
ENSG00000112306	12
ENSG00000112308	3
ENSG00000112335	4
ENSG00000112343	4
ENSG00000112367	7
ENSG00000112394	10
ENSG00000112406	2
ENSG00000112419	2
ENSG00000112425	12
ENSG00000112473	3
ENSG00000112511	8
ENSG00000112514	5
ENSG00000112531	6
ENSG00000112584	3
ENSG00000112592	12
ENSG00000112624	4
ENSG00000112658	2
ENSG00000112667	5
ENSG00000112679	5
ENSG00000112697	4
ENSG00000112701	6
ENSG00000112759	11
ENSG00000112763	2
ENSG00000112799	6
ENSG00000112941	6
ENSG00000112977	5
ENSG00000113070	2
ENSG00000113108	8
ENSG00000113119	5
ENSG00000113140	3
ENSG00000113163	3
ENSG00000113269	4
ENSG00000113272	2
ENSG00000113273	3
ENSG00000113282	2
ENSG00000113369	3
ENSG00000113384	2
ENSG00000113391	11
ENSG00000113441	4
ENSG00000113448	2
ENSG00000113504	11
ENSG00000113522	4
ENSG00000113532	2
ENSG00000113552	10
ENSG00000113555	5
ENSG00000113583	4
ENSG00000113595	11
ENSG00000113621	3
ENSG00000113643	3
ENSG00000113658	12
ENSG00000113719	12
ENSG00000113732	4
ENSG00000113742	9
ENSG00000113749	6
ENSG00000113812	3
ENSG00000113916	9
ENSG00000113971	9
ENSG00000114013	7
ENSG00000114026	5
ENSG00000114062	6
ENSG00000114125	5
ENSG00000114166	8
ENSG00000114268	5
ENSG00000114302	4
ENSG00000114316	2
ENSG00000114353	5
ENSG00000114388	11
ENSG00000114416	11
ENSG00000114423	2
ENSG00000114450	9
ENSG00000114541	10
ENSG00000114554	10
ENSG00000114573	4
ENSG00000114626	5
ENSG00000114738	3
ENSG00000114742	11
ENSG00000114745	4
ENSG00000114770	3
ENSG00000114779	5
ENSG00000114796	4
ENSG00000114859	12
ENSG00000114861	7
ENSG00000114942	12
ENSG00000114948	3
ENSG00000114978	7
ENSG00000114999	3
ENSG00000115009	9
ENSG00000115084	9
ENSG00000115091	3
ENSG00000115107	8
ENSG00000115129	7
ENSG00000115145	2
ENSG00000115165	5
ENSG00000115170	3
ENSG00000115204	4
ENSG00000115207	12
ENSG00000115216	3
ENSG00000115234	4
ENSG00000115267	10
ENSG00000115271	8
ENSG00000115275	3
ENSG00000115282	3
ENSG00000115295	11
ENSG00000115310	3
ENSG00000115318	10
ENSG00000115325	3
ENSG00000115339	2
ENSG00000115355	6
ENSG00000115414	3
ENSG00000115415	6
ENSG00000115446	4
ENSG00000115459	3
ENSG00000115525	10
ENSG00000115539	9
ENSG00000115540	7
ENSG00000115548	2
ENSG00000115561	8
ENSG00000115590	10
ENSG00000115649	5
ENSG00000115661	4
ENSG00000115677	8
ENSG00000115685	4
ENSG00000115762	3
ENSG00000115806	6
ENSG00000115825	6
ENSG00000115827	12
ENSG00000115884	12
ENSG00000115904	3
ENSG00000115919	10
ENSG00000115935	4
ENSG00000115942	12
ENSG00000115956	2
ENSG00000115963	9
ENSG00000115966	6
ENSG00000115977	4
ENSG00000115993	10
ENSG00000115998	3
ENSG00000116005	4
ENSG00000116016	9
ENSG00000116017	3
ENSG00000116096	4
ENSG00000116138	3
ENSG00000116171	7
ENSG00000116191	11
ENSG00000116198	10
ENSG00000116209	5
ENSG00000116254	6
ENSG00000116260	5
ENSG00000116266	4
ENSG00000116406	3
ENSG00000116473	7
ENSG00000116478	4
ENSG00000116489	4
ENSG00000116521	11
ENSG00000116574	8
ENSG00000116586	5
ENSG00000116663	3
ENSG00000116667	8
ENSG00000116679	2
ENSG00000116688	2
ENSG00000116701	3
ENSG00000116729	5
ENSG00000116731	11
ENSG00000116741	2
ENSG00000116754	6
ENSG00000116774	4
ENSG00000116786	3
ENSG00000116815	2
ENSG00000116871	3
ENSG00000116903	2
ENSG00000116918	4
ENSG00000116954	2
ENSG00000116977	4
ENSG00000116984	6
ENSG00000116990	6
ENSG00000117010	11
ENSG00000117016	11
ENSG00000117020	8
ENSG00000117090	10
ENSG00000117091	5
ENSG00000117115	8
ENSG00000117118	3
ENSG00000117139	11
ENSG00000117151	9
ENSG00000117153	7
ENSG00000117226	11
ENSG00000117228	3
ENSG00000117280	7
ENSG00000117298	2
ENSG00000117305	5
ENSG00000117308	3
ENSG00000117335	6
ENSG00000117362	6
ENSG00000117408	3
ENSG00000117410	3
ENSG00000117448	7
ENSG00000117500	2
ENSG00000117533	10
ENSG00000117543	12
ENSG00000117594	3
ENSG00000117614	11
ENSG00000117616	8
ENSG00000117620	7
ENSG00000117640	5
ENSG00000117643	10
ENSG00000117676	3
ENSG00000117691	11
ENSG00000117713	6
ENSG00000117758	9
ENSG00000117862	10
ENSG00000117868	6
ENSG00000117984	5
ENSG00000118113	10
ENSG00000118181	12
ENSG00000118200	4
ENSG00000118217	4
ENSG00000118242	10
ENSG00000118257	10
ENSG00000118292	11
ENSG00000118308	6
ENSG00000118369	3
ENSG00000118454	2
ENSG00000118482	6
ENSG00000118507	12
ENSG00000118515	2
ENSG00000118518	4
ENSG00000118564	7
ENSG00000118596	2
ENSG00000118620	2
ENSG00000118640	5
ENSG00000118689	2
ENSG00000118690	7
ENSG00000118705	2
ENSG00000118762	6
ENSG00000118785	3
ENSG00000118855	5
ENSG00000118960	7
ENSG00000119004	2
ENSG00000119048	4
ENSG00000119138	8
ENSG00000119203	4
ENSG00000119280	11
ENSG00000119314	6
ENSG00000119321	6
ENSG00000119383	4
ENSG00000119401	10
ENSG00000119446	7
ENSG00000119471	4
ENSG00000119522	3
ENSG00000119523	2
ENSG00000119535	2
ENSG00000119537	11
ENSG00000119541	9
ENSG00000119632	5
ENSG00000119640	4
ENSG00000119650	5
ENSG00000119655	9
ENSG00000119661	10
ENSG00000119669	4
ENSG00000119673	5
ENSG00000119686	10
ENSG00000119688	4
ENSG00000119707	6
ENSG00000119711	6
ENSG00000119720	2
ENSG00000119723	5
ENSG00000119729	2
ENSG00000119737	9
ENSG00000119760	5
ENSG00000119777	3
ENSG00000119801	2
ENSG00000119820	5
ENSG00000119844	3
ENSG00000119899	10
ENSG00000119900	6
ENSG00000119917	3
ENSG00000119922	4
ENSG00000119950	10
ENSG00000119953	7
ENSG00000119965	12
ENSG00000119979	2
ENSG00000119986	10
ENSG00000120008	10
ENSG00000120029	3
ENSG00000120053	2
ENSG00000120063	4
ENSG00000120129	10
ENSG00000120162	10
ENSG00000120253	3
ENSG00000120256	11
ENSG00000120265	3
ENSG00000120306	10
ENSG00000120318	3
ENSG00000120337	10
ENSG00000120370	3
ENSG00000120451	6
ENSG00000120458	3
ENSG00000120519	9
ENSG00000120549	11
ENSG00000120594	3
ENSG00000120616	2
ENSG00000120656	3
ENSG00000120694	3
ENSG00000120705	9
ENSG00000120725	5
ENSG00000120727	4
ENSG00000120784	11
ENSG00000120860	4
ENSG00000120868	2
ENSG00000120896	5
ENSG00000120910	11
ENSG00000120913	4
ENSG00000120925	4
ENSG00000120949	10
ENSG00000121064	7
ENSG00000121281	5
ENSG00000121289	10
ENSG00000121297	3
ENSG00000121310	12
ENSG00000121350	2
ENSG00000121417	4
ENSG00000121481	2
ENSG00000121542	3
ENSG00000121578	9
ENSG00000121594	9
ENSG00000121741	10
ENSG00000121749	11
ENSG00000121769	10
ENSG00000121797	10
ENSG00000121807	7
ENSG00000121851	4
ENSG00000121858	5
ENSG00000121964	2
ENSG00000121966	11
ENSG00000121989	2
ENSG00000122008	4
ENSG00000122026	12
ENSG00000122033	5
ENSG00000122042	2
ENSG00000122121	10
ENSG00000122126	2
ENSG00000122176	10
ENSG00000122188	2
ENSG00000122203	10
ENSG00000122218	4
ENSG00000122224	11
ENSG00000122335	3
ENSG00000122359	5
ENSG00000122378	11
ENSG00000122390	2
ENSG00000122417	5
ENSG00000122481	12
ENSG00000122482	7
ENSG00000122515	6
ENSG00000122547	4
ENSG00000122550	10
ENSG00000122557	9
ENSG00000122678	5
ENSG00000122694	5
ENSG00000122705	5
ENSG00000122707	3
ENSG00000122729	3
ENSG00000122786	10
ENSG00000122861	2
ENSG00000122862	2
ENSG00000122877	2
ENSG00000122884	4
ENSG00000122912	6
ENSG00000122958	3
ENSG00000123095	10
ENSG00000123104	2
ENSG00000123106	9
ENSG00000123124	2
ENSG00000123130	5
ENSG00000123131	10
ENSG00000123146	4
ENSG00000123159	3
ENSG00000123178	2
ENSG00000123213	10
ENSG00000123240	10
ENSG00000123329	5
ENSG00000123338	6
ENSG00000123342	9
ENSG00000123349	5
ENSG00000123353	3
ENSG00000123358	11
ENSG00000123360	2
ENSG00000123384	6
ENSG00000123405	3
ENSG00000123415	5
ENSG00000123575	7
ENSG00000123595	5
ENSG00000123636	6
ENSG00000123643	8
ENSG00000123700	10
ENSG00000123728	2
ENSG00000123739	7
ENSG00000123815	4
ENSG00000124067	5
ENSG00000124098	5
ENSG00000124107	8
ENSG00000124126	5
ENSG00000124145	2
ENSG00000124151	4
ENSG00000124198	2
ENSG00000124299	3
ENSG00000124313	6
ENSG00000124333	4
ENSG00000124356	5
ENSG00000124357	5
ENSG00000124370	5
ENSG00000124406	11
ENSG00000124444	2
ENSG00000124459	2
ENSG00000124486	4
ENSG00000124491	10
ENSG00000124541	3
ENSG00000124570	9
ENSG00000124574	3
ENSG00000124588	4
ENSG00000124593	11
ENSG00000124614	12
ENSG00000124659	12
ENSG00000124731	5
ENSG00000124767	9
ENSG00000124782	4
ENSG00000124783	6
ENSG00000124786	4
ENSG00000124788	3
ENSG00000124942	6
ENSG00000125037	2
ENSG00000125089	5
ENSG00000125107	12
ENSG00000125124	6
ENSG00000125144	10
ENSG00000125148	9
ENSG00000125149	3
ENSG00000125246	8
ENSG00000125249	6
ENSG00000125304	4
ENSG00000125352	5
ENSG00000125354	5
ENSG00000125386	6
ENSG00000125388	10
ENSG00000125434	5
ENSG00000125449	3
ENSG00000125454	5
ENSG00000125457	7
ENSG00000125505	4
ENSG00000125611	5
ENSG00000125629	9
ENSG00000125633	10
ENSG00000125637	5
ENSG00000125648	5
ENSG00000125651	3
ENSG00000125657	2
ENSG00000125703	4
ENSG00000125726	11
ENSG00000125730	3
ENSG00000125733	4
ENSG00000125734	5
ENSG00000125740	2
ENSG00000125744	10
ENSG00000125746	5
ENSG00000125753	3
ENSG00000125779	3
ENSG00000125780	10
ENSG00000125810	4
ENSG00000125814	3
ENSG00000125841	5
ENSG00000125846	3
ENSG00000125863	4
ENSG00000125868	7
ENSG00000125877	3
ENSG00000125945	3
ENSG00000125952	12
ENSG00000125968	6
ENSG00000125971	5
ENSG00000125977	9
ENSG00000126001	4
ENSG00000126005	6
ENSG00000126012	6
ENSG00000126062	2
ENSG00000126088	5
ENSG00000126106	5
ENSG00000126107	3
ENSG00000126214	3
ENSG00000126216	11
ENSG00000126246	3
ENSG00000126247	4
ENSG00000126262	7
ENSG00000126264	5
ENSG00000126266	9
ENSG00000126351	4
ENSG00000126353	11
ENSG00000126368	11
ENSG00000126456	7
ENSG00000126458	7
ENSG00000126522	3
ENSG00000126561	6
ENSG00000126581	2
ENSG00000126709	7
ENSG00000126756	12
ENSG00000126759	6
ENSG00000126768	12
ENSG00000126775	2
ENSG00000126777	7
ENSG00000126804	4
ENSG00000126814	9
ENSG00000126821	3
ENSG00000126858	7
ENSG00000126860	4
ENSG00000126882	3
ENSG00000126883	5
ENSG00000126903	3
ENSG00000126945	4
ENSG00000127080	2
ENSG00000127084	3
ENSG00000127184	12
ENSG00000127220	4
ENSG00000127314	9
ENSG00000127328	7
ENSG00000127419	5
ENSG00000127507	3
ENSG00000127526	2
ENSG00000127533	10
ENSG00000127666	3
ENSG00000127824	5
ENSG00000127838	5
ENSG00000127914	4
ENSG00000127946	6
ENSG00000127947	3
ENSG00000127948	2
ENSG00000127951	9
ENSG00000127952	4
ENSG00000127980	11
ENSG00000128000	4
ENSG00000128016	5
ENSG00000128203	3
ENSG00000128266	11
ENSG00000128272	11
ENSG00000128284	4
ENSG00000128294	5
ENSG00000128340	5
ENSG00000128383	9
ENSG00000128463	12
ENSG00000128487	3
ENSG00000128512	3
ENSG00000128524	8
ENSG00000128581	10
ENSG00000128590	2
ENSG00000128595	3
ENSG00000128604	8
ENSG00000128699	4
ENSG00000128805	9
ENSG00000128815	5
ENSG00000128872	10
ENSG00000128891	4
ENSG00000128917	9
ENSG00000128923	3
ENSG00000128965	9
ENSG00000129003	7
ENSG00000129007	5
ENSG00000129038	10
ENSG00000129083	3
ENSG00000129103	6
ENSG00000129116	3
ENSG00000129128	2
ENSG00000129219	3
ENSG00000129226	6
ENSG00000129245	2
ENSG00000129250	7
ENSG00000129255	2
ENSG00000129292	2
ENSG00000129422	9
ENSG00000129450	5
ENSG00000129465	8
ENSG00000129472	10
ENSG00000129473	4
ENSG00000129480	11
ENSG00000129484	12
ENSG00000129493	2
ENSG00000129515	4
ENSG00000129538	9
ENSG00000129562	5
ENSG00000129625	5
ENSG00000129636	4
ENSG00000129657	9
ENSG00000129667	3
ENSG00000129696	7
ENSG00000129757	5
ENSG00000129925	3
ENSG00000129933	6
ENSG00000129993	11
ENSG00000130005	11
ENSG00000130021	4
ENSG00000130023	11
ENSG00000130052	10
ENSG00000130066	2
ENSG00000130150	3
ENSG00000130177	11
ENSG00000130193	11
ENSG00000130202	8
ENSG00000130203	3
ENSG00000130208	7
ENSG00000130222	11
ENSG00000130244	5
ENSG00000130254	8
ENSG00000130255	11
ENSG00000130299	11
ENSG00000130300	5
ENSG00000130303	5
ENSG00000130304	3
ENSG00000130309	3
ENSG00000130340	10
ENSG00000130402	6
ENSG00000130429	3
ENSG00000130433	6
ENSG00000130449	6
ENSG00000130517	6
ENSG00000130529	7
ENSG00000130560	3
ENSG00000130589	4
ENSG00000130592	5
ENSG00000130598	5
ENSG00000130653	8
ENSG00000130699	11
ENSG00000130702	11
ENSG00000130703	10
ENSG00000130707	11
ENSG00000130714	6
ENSG00000130717	11
ENSG00000130724	7
ENSG00000130733	3
ENSG00000130772	3
ENSG00000130775	3
ENSG00000130779	6
ENSG00000130813	5
ENSG00000130818	6
ENSG00000130821	10
ENSG00000130827	2
ENSG00000130830	7
ENSG00000130844	11
ENSG00000130939	3
ENSG00000130958	10
ENSG00000131018	6
ENSG00000131042	4
ENSG00000131051	7
ENSG00000131069	5
ENSG00000131100	5
ENSG00000131115	7
ENSG00000131127	12
ENSG00000131149	4
ENSG00000131165	2
ENSG00000131171	6
ENSG00000131236	4
ENSG00000131238	10
ENSG00000131323	2
ENSG00000131355	6
ENSG00000131370	3
ENSG00000131378	10
ENSG00000131381	10
ENSG00000131389	4
ENSG00000131408	2
ENSG00000131437	10
ENSG00000131446	3
ENSG00000131507	9
ENSG00000131508	4
ENSG00000131558	5
ENSG00000131591	11
ENSG00000131626	8
ENSG00000131669	10
ENSG00000131724	5
ENSG00000131725	3
ENSG00000131732	3
ENSG00000131748	5
ENSG00000131759	5
ENSG00000131791	3
ENSG00000131845	12
ENSG00000131979	2
ENSG00000131981	9
ENSG00000132024	3
ENSG00000132109	3
ENSG00000132128	8
ENSG00000132155	6
ENSG00000132205	7
ENSG00000132207	5
ENSG00000132256	4
ENSG00000132294	2
ENSG00000132313	4
ENSG00000132334	2
ENSG00000132357	7
ENSG00000132405	4
ENSG00000132406	5
ENSG00000132434	2
ENSG00000132465	8
ENSG00000132466	6
ENSG00000132467	9
ENSG00000132471	8
ENSG00000132481	9
ENSG00000132510	2
ENSG00000132514	10
ENSG00000132530	5
ENSG00000132535	5
ENSG00000132581	2
ENSG00000132589	6
ENSG00000132612	8
ENSG00000132664	10
ENSG00000132669	2
ENSG00000132694	6
ENSG00000132781	12
ENSG00000132819	2
ENSG00000132824	6
ENSG00000132842	4
ENSG00000132846	12
ENSG00000132879	11
ENSG00000132906	3
ENSG00000132964	3
ENSG00000132965	2
ENSG00000133048	10
ENSG00000133055	11
ENSG00000133059	10
ENSG00000133101	3
ENSG00000133106	8
ENSG00000133131	12
ENSG00000133195	7
ENSG00000133246	5
ENSG00000133256	7
ENSG00000133302	12
ENSG00000133315	11
ENSG00000133318	4
ENSG00000133321	12
ENSG00000133561	9
ENSG00000133574	8
ENSG00000133597	5
ENSG00000133606	5
ENSG00000133612	5
ENSG00000133619	11
ENSG00000133639	2
ENSG00000133657	2
ENSG00000133678	5
ENSG00000133704	6
ENSG00000133739	12
ENSG00000133789	9
ENSG00000133794	4
ENSG00000133805	5
ENSG00000133812	10
ENSG00000133816	2
ENSG00000133835	7
ENSG00000133858	8
ENSG00000133872	4
ENSG00000133874	11
ENSG00000133961	6
ENSG00000134013	3
ENSG00000134030	4
ENSG00000134061	6
ENSG00000134070	2
ENSG00000134107	2
ENSG00000134108	2
ENSG00000134153	2
ENSG00000134184	12
ENSG00000134222	3
ENSG00000134243	3
ENSG00000134247	8
ENSG00000134250	6
ENSG00000134255	4
ENSG00000134256	6
ENSG00000134278	10
ENSG00000134287	5
ENSG00000134313	6
ENSG00000134324	9
ENSG00000134330	5
ENSG00000134352	2
ENSG00000134369	3
ENSG00000134419	12
ENSG00000134444	8
ENSG00000134460	8
ENSG00000134461	12
ENSG00000134508	11
ENSG00000134516	6
ENSG00000134531	2
ENSG00000134575	10
ENSG00000134597	12
ENSG00000134644	6
ENSG00000134684	9
ENSG00000134698	6
ENSG00000134759	12
ENSG00000134769	4
ENSG00000134802	10
ENSG00000134851	3
ENSG00000134852	3
ENSG00000134909	11
ENSG00000134910	3
ENSG00000134954	2
ENSG00000134955	7
ENSG00000134970	2
ENSG00000134982	6
ENSG00000134996	3
ENSG00000135002	9
ENSG00000135046	3
ENSG00000135048	2
ENSG00000135049	6
ENSG00000135069	9
ENSG00000135074	10
ENSG00000135077	8
ENSG00000135083	8
ENSG00000135090	2
ENSG00000135093	11
ENSG00000135124	8
ENSG00000135144	10
ENSG00000135148	5
ENSG00000135164	6
ENSG00000135211	4
ENSG00000135218	8
ENSG00000135241	2
ENSG00000135317	5
ENSG00000135318	2
ENSG00000135334	2
ENSG00000135336	12
ENSG00000135363	2
ENSG00000135365	4
ENSG00000135390	12
ENSG00000135404	5
ENSG00000135441	5
ENSG00000135452	5
ENSG00000135503	2
ENSG00000135506	4
ENSG00000135587	8
ENSG00000135604	2
ENSG00000135631	9
ENSG00000135636	3
ENSG00000135655	2
ENSG00000135677	9
ENSG00000135678	10
ENSG00000135686	6
ENSG00000135698	3
ENSG00000135778	5
ENSG00000135801	6
ENSG00000135821	10
ENSG00000135823	3
ENSG00000135838	9
ENSG00000135842	8
ENSG00000135845	5
ENSG00000135912	3
ENSG00000135913	12
ENSG00000135924	10
ENSG00000135926	8
ENSG00000135930	2
ENSG00000135931	10
ENSG00000135932	4
ENSG00000135945	6
ENSG00000135953	10
ENSG00000135956	2
ENSG00000135966	10
ENSG00000135968	4
ENSG00000135976	6
ENSG00000135999	2
ENSG00000136003	5
ENSG00000136040	3
ENSG00000136044	10
ENSG00000136048	3
ENSG00000136098	9
ENSG00000136100	7
ENSG00000136141	11
ENSG00000136144	11
ENSG00000136156	6
ENSG00000136161	5
ENSG00000136167	3
ENSG00000136169	10
ENSG00000136205	7
ENSG00000136235	10
ENSG00000136238	3
ENSG00000136244	8
ENSG00000136247	5
ENSG00000136250	10
ENSG00000136279	5
ENSG00000136280	3
ENSG00000136286	7
ENSG00000136305	3
ENSG00000136379	3
ENSG00000136404	7
ENSG00000136425	12
ENSG00000136444	12
ENSG00000136478	3
ENSG00000136490	3
ENSG00000136521	4
ENSG00000136560	2
ENSG00000136628	11
ENSG00000136630	2
ENSG00000136631	4
ENSG00000136634	9
ENSG00000136643	3
ENSG00000136682	3
ENSG00000136689	7
ENSG00000136710	11
ENSG00000136720	11
ENSG00000136738	11
ENSG00000136754	10
ENSG00000136770	2
ENSG00000136783	4
ENSG00000136813	6
ENSG00000136816	2
ENSG00000136826	2
ENSG00000136828	8
ENSG00000136830	3
ENSG00000136856	2
ENSG00000136867	9
ENSG00000136868	2
ENSG00000136869	8
ENSG00000136877	5
ENSG00000136935	10
ENSG00000136936	5
ENSG00000136942	12
ENSG00000136960	10
ENSG00000136986	2
ENSG00000137070	12
ENSG00000137076	3
ENSG00000137094	3
ENSG00000137101	5
ENSG00000137106	5
ENSG00000137145	9
ENSG00000137171	11
ENSG00000137177	3
ENSG00000137185	5
ENSG00000137193	2
ENSG00000137207	5
ENSG00000137210	5
ENSG00000137216	8
ENSG00000137275	2
ENSG00000137364	5
ENSG00000137393	10
ENSG00000137404	4
ENSG00000137409	3
ENSG00000137449	3
ENSG00000137462	10
ENSG00000137474	10
ENSG00000137478	8
ENSG00000137486	5
ENSG00000137491	9
ENSG00000137492	9
ENSG00000137494	3
ENSG00000137500	4
ENSG00000137509	5
ENSG00000137522	3
ENSG00000137575	7
ENSG00000137628	5
ENSG00000137700	6
ENSG00000137710	6
ENSG00000137726	9
ENSG00000137752	5
ENSG00000137757	9
ENSG00000137767	3
ENSG00000137770	6
ENSG00000137801	9
ENSG00000137802	11
ENSG00000137817	6
ENSG00000137824	11
ENSG00000137834	3
ENSG00000137841	5
ENSG00000137842	6
ENSG00000137845	3
ENSG00000137880	11
ENSG00000137944	6
ENSG00000137959	8
ENSG00000137965	5
ENSG00000137996	5
ENSG00000138002	4
ENSG00000138029	5
ENSG00000138031	6
ENSG00000138050	9
ENSG00000138069	3
ENSG00000138071	4
ENSG00000138085	5
ENSG00000138101	12
ENSG00000138107	3
ENSG00000138111	5
ENSG00000138119	7
ENSG00000138135	9
ENSG00000138138	4
ENSG00000138166	2
ENSG00000138172	5
ENSG00000138231	2
ENSG00000138246	3
ENSG00000138279	3
ENSG00000138286	5
ENSG00000138375	3
ENSG00000138378	10
ENSG00000138380	6
ENSG00000138381	9
ENSG00000138399	3
ENSG00000138413	7
ENSG00000138433	2
ENSG00000138439	11
ENSG00000138448	2
ENSG00000138449	10
ENSG00000138459	5
ENSG00000138463	10
ENSG00000138496	5
ENSG00000138592	2
ENSG00000138593	6
ENSG00000138594	3
ENSG00000138600	3
ENSG00000138606	12
ENSG00000138613	8
ENSG00000138617	12
ENSG00000138621	5
ENSG00000138623	2
ENSG00000138640	8
ENSG00000138641	6
ENSG00000138646	11
ENSG00000138660	3
ENSG00000138670	2
ENSG00000138678	3
ENSG00000138688	7
ENSG00000138709	9
ENSG00000138744	4
ENSG00000138756	3
ENSG00000138757	6
ENSG00000138760	9
ENSG00000138767	6
ENSG00000138768	3
ENSG00000138785	10
ENSG00000138794	4
ENSG00000138835	4
ENSG00000138867	2
ENSG00000138942	2
ENSG00000138964	5
ENSG00000139044	3
ENSG00000139112	3
ENSG00000139117	9
ENSG00000139132	10
ENSG00000139133	11
ENSG00000139154	7
ENSG00000139163	3
ENSG00000139168	5
ENSG00000139178	5
ENSG00000139182	4
ENSG00000139190	11
ENSG00000139192	5
ENSG00000139266	10
ENSG00000139278	5
ENSG00000139318	4
ENSG00000139323	6
ENSG00000139354	10
ENSG00000139370	11
ENSG00000139410	10
ENSG00000139433	5
ENSG00000139436	2
ENSG00000139505	2
ENSG00000139514	11
ENSG00000139531	3
ENSG00000139567	6
ENSG00000139597	11
ENSG00000139620	9
ENSG00000139624	3
ENSG00000139625	5
ENSG00000139626	5
ENSG00000139629	10
ENSG00000139631	11
ENSG00000139641	2
ENSG00000139644	4
ENSG00000139668	6
ENSG00000139675	12
ENSG00000139679	4
ENSG00000139684	5
ENSG00000139687	4
ENSG00000139719	4
ENSG00000139793	6
ENSG00000139832	3
ENSG00000139946	12
ENSG00000139970	9
ENSG00000139974	10
ENSG00000139990	6
ENSG00000140030	5
ENSG00000140043	7
ENSG00000140044	7
ENSG00000140105	3
ENSG00000140264	5
ENSG00000140265	6
ENSG00000140299	2
ENSG00000140332	3
ENSG00000140368	2
ENSG00000140374	4
ENSG00000140379	2
ENSG00000140386	5
ENSG00000140396	4
ENSG00000140398	6
ENSG00000140416	5
ENSG00000140455	2
ENSG00000140463	4
ENSG00000140464	4
ENSG00000140474	6
ENSG00000140488	7
ENSG00000140497	6
ENSG00000140521	8
ENSG00000140548	5
ENSG00000140563	9
ENSG00000140564	3
ENSG00000140575	6
ENSG00000140577	6
ENSG00000140612	8
ENSG00000140632	6
ENSG00000140678	7
ENSG00000140682	5
ENSG00000140718	4
ENSG00000140749	10
ENSG00000140750	12
ENSG00000140830	8
ENSG00000140836	10
ENSG00000140859	3
ENSG00000140939	4
ENSG00000140941	10
ENSG00000140948	11
ENSG00000140950	5
ENSG00000140987	12
ENSG00000140992	2
ENSG00000140995	10
ENSG00000141012	3
ENSG00000141026	12
ENSG00000141027	12
ENSG00000141068	8
ENSG00000141084	2
ENSG00000141179	3
ENSG00000141232	2
ENSG00000141252	2
ENSG00000141279	7
ENSG00000141295	3
ENSG00000141367	4
ENSG00000141376	10
ENSG00000141380	4
ENSG00000141391	11
ENSG00000141424	11
ENSG00000141447	4
ENSG00000141452	2
ENSG00000141458	2
ENSG00000141480	3
ENSG00000141497	10
ENSG00000141503	6
ENSG00000141504	5
ENSG00000141506	5
ENSG00000141526	5
ENSG00000141540	11
ENSG00000141560	12
ENSG00000141574	11
ENSG00000141577	11
ENSG00000141627	5
ENSG00000141646	12
ENSG00000141696	11
ENSG00000141699	3
ENSG00000141873	12
ENSG00000141959	5
ENSG00000141968	4
ENSG00000142002	3
ENSG00000142039	11
ENSG00000142046	3
ENSG00000142082	5
ENSG00000142089	5
ENSG00000142102	5
ENSG00000142156	10
ENSG00000142166	9
ENSG00000142173	2
ENSG00000142178	10
ENSG00000142192	6
ENSG00000142197	6
ENSG00000142227	5
ENSG00000142347	3
ENSG00000142405	3
ENSG00000142444	12
ENSG00000142459	6
ENSG00000142512	4
ENSG00000142534	12
ENSG00000142541	11
ENSG00000142552	3
ENSG00000142657	3
ENSG00000142669	3
ENSG00000142687	6
ENSG00000142733	7
ENSG00000142784	6
ENSG00000142867	2
ENSG00000142875	8
ENSG00000142937	8
ENSG00000142949	11
ENSG00000142961	2
ENSG00000143013	2
ENSG00000143079	3
ENSG00000143110	7
ENSG00000143126	6
ENSG00000143153	10
ENSG00000143157	8
ENSG00000143158	12
ENSG00000143162	7
ENSG00000143164	5
ENSG00000143190	6
ENSG00000143198	7
ENSG00000143226	5
ENSG00000143303	4
ENSG00000143322	6
ENSG00000143324	9
ENSG00000143333	11
ENSG00000143344	2
ENSG00000143353	5
ENSG00000143369	5
ENSG00000143376	3
ENSG00000143382	3
ENSG00000143384	2
ENSG00000143387	8
ENSG00000143409	5
ENSG00000143418	3
ENSG00000143437	6
ENSG00000143442	6
ENSG00000143458	2
ENSG00000143486	11
ENSG00000143507	2
ENSG00000143514	6
ENSG00000143537	3
ENSG00000143545	3
ENSG00000143546	4
ENSG00000143549	3
ENSG00000143553	3
ENSG00000143554	3
ENSG00000143569	6
ENSG00000143570	3
ENSG00000143575	5
ENSG00000143578	4
ENSG00000143612	3
ENSG00000143614	6
ENSG00000143622	2
ENSG00000143633	3
ENSG00000143641	10
ENSG00000143643	11
ENSG00000143653	5
ENSG00000143669	3
ENSG00000143751	11
ENSG00000143753	2
ENSG00000143772	10
ENSG00000143776	10
ENSG00000143801	10
ENSG00000143847	10
ENSG00000143851	4
ENSG00000143862	2
ENSG00000143878	10
ENSG00000143889	10
ENSG00000143891	10
ENSG00000143919	4
ENSG00000143947	9
ENSG00000143970	6
ENSG00000143971	11
ENSG00000144021	9
ENSG00000144026	10
ENSG00000144048	3
ENSG00000144118	3
ENSG00000144134	12
ENSG00000144136	2
ENSG00000144199	12
ENSG00000144228	2
ENSG00000144306	7
ENSG00000144401	12
ENSG00000144445	12
ENSG00000144451	11
ENSG00000144455	5
ENSG00000144476	2
ENSG00000144524	12
ENSG00000144559	3
ENSG00000144560	2
ENSG00000144566	2
ENSG00000144567	4
ENSG00000144579	5
ENSG00000144591	4
ENSG00000144647	10
ENSG00000144655	9
ENSG00000144668	8
ENSG00000144674	10
ENSG00000144711	6
ENSG00000144713	12
ENSG00000144724	4
ENSG00000144741	12
ENSG00000144744	4
ENSG00000144746	4
ENSG00000144747	3
ENSG00000144802	2
ENSG00000144827	3
ENSG00000144848	3
ENSG00000144909	3
ENSG00000144959	3
ENSG00000145012	4
ENSG00000145016	6
ENSG00000145020	8
ENSG00000145022	5
ENSG00000145029	6
ENSG00000145088	4
ENSG00000145246	4
ENSG00000145287	7
ENSG00000145293	12
ENSG00000145332	2
ENSG00000145335	3
ENSG00000145358	10
ENSG00000145391	2
ENSG00000145416	9
ENSG00000145428	10
ENSG00000145476	4
ENSG00000145545	5
ENSG00000145569	8
ENSG00000145685	8
ENSG00000145703	3
ENSG00000145715	3
ENSG00000145730	9
ENSG00000145734	6
ENSG00000145779	8
ENSG00000145780	2
ENSG00000145781	5
ENSG00000145782	9
ENSG00000145817	2
ENSG00000145819	3
ENSG00000145860	3
ENSG00000145868	4
ENSG00000145882	5
ENSG00000145901	4
ENSG00000145916	9
ENSG00000145936	2
ENSG00000145979	5
ENSG00000145982	4
ENSG00000146067	11
ENSG00000146072	11
ENSG00000146085	4
ENSG00000146094	11
ENSG00000146192	8
ENSG00000146215	6
ENSG00000146223	9
ENSG00000146232	5
ENSG00000146247	6
ENSG00000146278	4
ENSG00000146350	11
ENSG00000146376	7
ENSG00000146409	6
ENSG00000146414	6
ENSG00000146416	5
ENSG00000146425	3
ENSG00000146433	8
ENSG00000146476	7
ENSG00000146535	12
ENSG00000146676	10
ENSG00000146776	4
ENSG00000146828	3
ENSG00000146830	11
ENSG00000146833	3
ENSG00000146859	11
ENSG00000147010	3
ENSG00000147065	3
ENSG00000147118	4
ENSG00000147119	10
ENSG00000147164	3
ENSG00000147168	5
ENSG00000147202	2
ENSG00000147231	12
ENSG00000147251	5
ENSG00000147324	7
ENSG00000147364	6
ENSG00000147403	12
ENSG00000147408	3
ENSG00000147416	7
ENSG00000147421	10
ENSG00000147439	9
ENSG00000147443	5
ENSG00000147457	2
ENSG00000147459	8
ENSG00000147475	4
ENSG00000147526	2
ENSG00000147677	12
ENSG00000147852	6
ENSG00000147883	9
ENSG00000147889	2
ENSG00000147894	8
ENSG00000147912	8
ENSG00000147955	5
ENSG00000148090	11
ENSG00000148110	3
ENSG00000148154	2
ENSG00000148158	6
ENSG00000148175	10
ENSG00000148180	6
ENSG00000148218	6
ENSG00000148219	10
ENSG00000148290	5
ENSG00000148331	2
ENSG00000148337	12
ENSG00000148339	2
ENSG00000148341	5
ENSG00000148344	3
ENSG00000148356	10
ENSG00000148358	3
ENSG00000148384	11
ENSG00000148399	12
ENSG00000148411	5
ENSG00000148429	10
ENSG00000148444	5
ENSG00000148481	10
ENSG00000148483	10
ENSG00000148484	3
ENSG00000148572	2
ENSG00000148634	4
ENSG00000148672	2
ENSG00000148680	3
ENSG00000148688	12
ENSG00000148690	11
ENSG00000148700	6
ENSG00000148803	3
ENSG00000148834	5
ENSG00000148841	2
ENSG00000148908	9
ENSG00000148926	3
ENSG00000148985	11
ENSG00000149016	12
ENSG00000149089	5
ENSG00000149131	6
ENSG00000149177	3
ENSG00000149182	6
ENSG00000149231	2
ENSG00000149257	3
ENSG00000149260	4
ENSG00000149262	10
ENSG00000149269	5
ENSG00000149273	12
ENSG00000149308	12
ENSG00000149311	4
ENSG00000149357	4
ENSG00000149474	12
ENSG00000149499	5
ENSG00000149557	9
ENSG00000149564	11
ENSG00000149577	5
ENSG00000149582	11
ENSG00000149600	5
ENSG00000149639	6
ENSG00000149716	9
ENSG00000149761	5
ENSG00000149781	3
ENSG00000149782	5
ENSG00000149792	12
ENSG00000149806	12
ENSG00000149809	7
ENSG00000149823	11
ENSG00000149925	3
ENSG00000149932	5
ENSG00000150093	4
ENSG00000150337	5
ENSG00000150347	3
ENSG00000150403	3
ENSG00000150455	4
ENSG00000150457	2
ENSG00000150477	11
ENSG00000150540	8
ENSG00000150551	10
ENSG00000150681	3
ENSG00000150787	10
ENSG00000150867	3
ENSG00000150907	12
ENSG00000150961	3
ENSG00000150977	3
ENSG00000150991	3
ENSG00000150995	2
ENSG00000151116	5
ENSG00000151117	10
ENSG00000151148	4
ENSG00000151151	2
ENSG00000151176	9
ENSG00000151240	11
ENSG00000151276	6
ENSG00000151327	2
ENSG00000151414	3
ENSG00000151445	4
ENSG00000151470	7
ENSG00000151474	7
ENSG00000151490	7
ENSG00000151491	3
ENSG00000151498	5
ENSG00000151502	5
ENSG00000151553	11
ENSG00000151611	10
ENSG00000151612	11
ENSG00000151690	8
ENSG00000151694	2
ENSG00000151726	2
ENSG00000151729	12
ENSG00000151743	10
ENSG00000151748	5
ENSG00000151790	10
ENSG00000151876	5
ENSG00000151882	10
ENSG00000151883	4
ENSG00000151893	9
ENSG00000151923	8
ENSG00000152102	6
ENSG00000152127	6
ENSG00000152219	11
ENSG00000152223	6
ENSG00000152270	3
ENSG00000152291	2
ENSG00000152315	8
ENSG00000152404	12
ENSG00000152422	3
ENSG00000152439	11
ENSG00000152443	8
ENSG00000152492	10
ENSG00000152503	2
ENSG00000152518	4
ENSG00000152520	6
ENSG00000152601	6
ENSG00000152683	3
ENSG00000152684	2
ENSG00000152689	6
ENSG00000152766	10
ENSG00000152767	8
ENSG00000152778	3
ENSG00000152894	11
ENSG00000153029	6
ENSG00000153048	5
ENSG00000153066	3
ENSG00000153071	7
ENSG00000153094	9
ENSG00000153113	6
ENSG00000153179	3
ENSG00000153208	9
ENSG00000153214	4
ENSG00000153234	11
ENSG00000153250	7
ENSG00000153310	7
ENSG00000153395	9
ENSG00000153485	2
ENSG00000153531	11
ENSG00000153767	3
ENSG00000153774	12
ENSG00000153786	3
ENSG00000153814	3
ENSG00000153827	3
ENSG00000153914	6
ENSG00000153933	6
ENSG00000153936	3
ENSG00000153982	4
ENSG00000154079	5
ENSG00000154114	10
ENSG00000154122	3
ENSG00000154124	9
ENSG00000154134	5
ENSG00000154144	2
ENSG00000154146	5
ENSG00000154153	11
ENSG00000154222	2
ENSG00000154229	9
ENSG00000154262	9
ENSG00000154305	11
ENSG00000154310	10
ENSG00000154429	11
ENSG00000154447	2
ENSG00000154545	10
ENSG00000154589	5
ENSG00000154640	9
ENSG00000154727	6
ENSG00000154803	10
ENSG00000154814	3
ENSG00000154957	11
ENSG00000154978	5
ENSG00000155097	3
ENSG00000155099	2
ENSG00000155252	3
ENSG00000155254	3
ENSG00000155256	11
ENSG00000155275	11
ENSG00000155307	10
ENSG00000155313	10
ENSG00000155363	12
ENSG00000155366	7
ENSG00000155368	3
ENSG00000155393	3
ENSG00000155463	6
ENSG00000155465	5
ENSG00000155506	6
ENSG00000155621	4
ENSG00000155629	10
ENSG00000155659	9
ENSG00000155729	11
ENSG00000155846	2
ENSG00000155876	2
ENSG00000155893	12
ENSG00000155903	2
ENSG00000155906	7
ENSG00000155926	5
ENSG00000155957	5
ENSG00000155961	7
ENSG00000155962	11
ENSG00000155975	2
ENSG00000156026	3
ENSG00000156030	2
ENSG00000156042	4
ENSG00000156052	3
ENSG00000156110	3
ENSG00000156113	11
ENSG00000156127	4
ENSG00000156171	10
ENSG00000156232	2
ENSG00000156234	10
ENSG00000156253	4
ENSG00000156265	3
ENSG00000156273	2
ENSG00000156414	3
ENSG00000156482	12
ENSG00000156500	12
ENSG00000156515	3
ENSG00000156521	12
ENSG00000156531	3
ENSG00000156587	4
ENSG00000156599	2
ENSG00000156639	8
ENSG00000156642	3
ENSG00000156671	2
ENSG00000156675	2
ENSG00000156709	4
ENSG00000156711	9
ENSG00000156735	2
ENSG00000156795	12
ENSG00000156804	11
ENSG00000156831	4
ENSG00000156853	12
ENSG00000156858	5
ENSG00000156931	9
ENSG00000156958	4
ENSG00000156973	4
ENSG00000156976	12
ENSG00000157045	10
ENSG00000157107	10
ENSG00000157168	11
ENSG00000157184	5
ENSG00000157191	5
ENSG00000157227	8
ENSG00000157240	9
ENSG00000157259	9
ENSG00000157353	5
ENSG00000157379	6
ENSG00000157426	12
ENSG00000157450	3
ENSG00000157483	9
ENSG00000157510	3
ENSG00000157538	9
ENSG00000157540	6
ENSG00000157593	5
ENSG00000157600	3
ENSG00000157601	8
ENSG00000157617	12
ENSG00000157637	5
ENSG00000157693	11
ENSG00000157796	10
ENSG00000157800	2
ENSG00000157823	4
ENSG00000157837	2
ENSG00000157869	9
ENSG00000157870	10
ENSG00000157873	6
ENSG00000157916	3
ENSG00000157933	2
ENSG00000157954	4
ENSG00000157978	4
ENSG00000158006	2
ENSG00000158050	11
ENSG00000158062	3
ENSG00000158079	10
ENSG00000158092	2
ENSG00000158106	5
ENSG00000158109	3
ENSG00000158122	2
ENSG00000158156	3
ENSG00000158158	6
ENSG00000158186	10
ENSG00000158195	3
ENSG00000158270	3
ENSG00000158292	9
ENSG00000158373	5
ENSG00000158411	4
ENSG00000158435	7
ENSG00000158457	5
ENSG00000158473	5
ENSG00000158480	2
ENSG00000158517	3
ENSG00000158526	2
ENSG00000158552	5
ENSG00000158555	3
ENSG00000158604	11
ENSG00000158711	6
ENSG00000158714	9
ENSG00000158717	3
ENSG00000158769	6
ENSG00000158793	5
ENSG00000158828	8
ENSG00000158863	3
ENSG00000158864	5
ENSG00000158869	8
ENSG00000158882	3
ENSG00000158887	2
ENSG00000158987	9
ENSG00000159082	3
ENSG00000159086	6
ENSG00000159110	5
ENSG00000159128	3
ENSG00000159176	5
ENSG00000159189	9
ENSG00000159202	2
ENSG00000159214	5
ENSG00000159228	3
ENSG00000159256	2
ENSG00000159267	4
ENSG00000159322	2
ENSG00000159335	8
ENSG00000159346	10
ENSG00000159348	10
ENSG00000159352	4
ENSG00000159374	6
ENSG00000159399	2
ENSG00000159433	6
ENSG00000159461	8
ENSG00000159479	3
ENSG00000159618	5
ENSG00000159640	10
ENSG00000159658	2
ENSG00000159685	11
ENSG00000159720	3
ENSG00000159723	4
ENSG00000159733	11
ENSG00000159761	5
ENSG00000159763	11
ENSG00000159788	11
ENSG00000159792	3
ENSG00000159840	3
ENSG00000159842	6
ENSG00000159873	3
ENSG00000159884	5
ENSG00000159917	10
ENSG00000160013	5
ENSG00000160055	3
ENSG00000160058	10
ENSG00000160094	11
ENSG00000160111	5
ENSG00000160179	2
ENSG00000160190	12
ENSG00000160194	3
ENSG00000160209	3
ENSG00000160211	3
ENSG00000160213	5
ENSG00000160216	3
ENSG00000160218	2
ENSG00000160219	4
ENSG00000160221	3
ENSG00000160223	10
ENSG00000160255	3
ENSG00000160271	11
ENSG00000160285	3
ENSG00000160305	3
ENSG00000160310	5
ENSG00000160318	12
ENSG00000160326	3
ENSG00000160336	7
ENSG00000160445	3
ENSG00000160446	3
ENSG00000160447	5
ENSG00000160551	6
ENSG00000160570	3
ENSG00000160584	2
ENSG00000160588	8
ENSG00000160593	8
ENSG00000160613	6
ENSG00000160633	12
ENSG00000160678	6
ENSG00000160685	4
ENSG00000160691	6
ENSG00000160695	2
ENSG00000160703	6
ENSG00000160710	6
ENSG00000160741	3
ENSG00000160746	2
ENSG00000160783	2
ENSG00000160789	9
ENSG00000160791	8
ENSG00000160883	8
ENSG00000160888	11
ENSG00000160908	2
ENSG00000160917	12
ENSG00000160948	5
ENSG00000160953	3
ENSG00000160999	3
ENSG00000161010	3
ENSG00000161011	3
ENSG00000161013	8
ENSG00000161016	3
ENSG00000161021	6
ENSG00000161133	4
ENSG00000161202	6
ENSG00000161203	5
ENSG00000161217	3
ENSG00000161265	3
ENSG00000161298	4
ENSG00000161395	11
ENSG00000161533	3
ENSG00000161542	3
ENSG00000161551	11
ENSG00000161642	5
ENSG00000161647	3
ENSG00000161677	5
ENSG00000161714	2
ENSG00000161904	11
ENSG00000161920	3
ENSG00000161921	9
ENSG00000161929	7
ENSG00000161944	6
ENSG00000161955	3
ENSG00000161960	2
ENSG00000161970	12
ENSG00000162066	6
ENSG00000162078	9
ENSG00000162139	11
ENSG00000162144	5
ENSG00000162191	11
ENSG00000162194	3
ENSG00000162236	3
ENSG00000162341	3
ENSG00000162390	6
ENSG00000162402	6
ENSG00000162413	11
ENSG00000162434	3
ENSG00000162496	10
ENSG00000162511	6
ENSG00000162512	8
ENSG00000162542	4
ENSG00000162636	6
ENSG00000162639	4
ENSG00000162645	3
ENSG00000162704	4
ENSG00000162722	3
ENSG00000162734	8
ENSG00000162736	6
ENSG00000162738	4
ENSG00000162745	10
ENSG00000162775	6
ENSG00000162777	10
ENSG00000162783	2
ENSG00000162819	4
ENSG00000162852	2
ENSG00000162869	7
ENSG00000162909	8
ENSG00000162923	3
ENSG00000162924	2
ENSG00000162927	4
ENSG00000162928	2
ENSG00000162946	4
ENSG00000162959	3
ENSG00000162976	7
ENSG00000162980	10
ENSG00000163026	12
ENSG00000163029	3
ENSG00000163050	11
ENSG00000163069	3
ENSG00000163110	2
ENSG00000163126	12
ENSG00000163131	7
ENSG00000163154	3
ENSG00000163156	2
ENSG00000163159	3
ENSG00000163171	2
ENSG00000163191	4
ENSG00000163220	3
ENSG00000163221	5
ENSG00000163235	8
ENSG00000163251	10
ENSG00000163281	9
ENSG00000163297	3
ENSG00000163328	11
ENSG00000163344	5
ENSG00000163346	5
ENSG00000163348	3
ENSG00000163349	6
ENSG00000163382	5
ENSG00000163453	5
ENSG00000163466	3
ENSG00000163482	4
ENSG00000163512	10
ENSG00000163517	5
ENSG00000163527	6
ENSG00000163539	6
ENSG00000163563	10
ENSG00000163565	4
ENSG00000163590	4
ENSG00000163599	11
ENSG00000163608	10
ENSG00000163625	3
ENSG00000163659	2
ENSG00000163661	9
ENSG00000163683	6
ENSG00000163686	10
ENSG00000163694	9
ENSG00000163702	5
ENSG00000163703	3
ENSG00000163719	3
ENSG00000163728	11
ENSG00000163736	8
ENSG00000163738	9
ENSG00000163743	2
ENSG00000163754	4
ENSG00000163755	5
ENSG00000163785	8
ENSG00000163795	3
ENSG00000163803	8
ENSG00000163820	7
ENSG00000163823	6
ENSG00000163840	4
ENSG00000163867	7
ENSG00000163870	3
ENSG00000163872	3
ENSG00000163874	2
ENSG00000163877	8
ENSG00000163900	2
ENSG00000163902	3
ENSG00000163904	9
ENSG00000163932	2
ENSG00000163939	6
ENSG00000163945	2
ENSG00000163946	4
ENSG00000163947	8
ENSG00000164010	2
ENSG00000164040	12
ENSG00000164047	5
ENSG00000164054	5
ENSG00000164056	11
ENSG00000164062	5
ENSG00000164080	6
ENSG00000164081	3
ENSG00000164088	5
ENSG00000164096	5
ENSG00000164111	6
ENSG00000164117	5
ENSG00000164118	4
ENSG00000164125	7
ENSG00000164144	3
ENSG00000164168	2
ENSG00000164172	3
ENSG00000164180	2
ENSG00000164187	7
ENSG00000164221	7
ENSG00000164258	12
ENSG00000164307	6
ENSG00000164329	9
ENSG00000164331	11
ENSG00000164332	7
ENSG00000164403	7
ENSG00000164414	3
ENSG00000164430	2
ENSG00000164442	2
ENSG00000164463	10
ENSG00000164574	3
ENSG00000164587	12
ENSG00000164597	7
ENSG00000164603	4
ENSG00000164609	9
ENSG00000164615	11
ENSG00000164620	3
ENSG00000164631	6
ENSG00000164638	11
ENSG00000164649	11
ENSG00000164654	9
ENSG00000164663	12
ENSG00000164674	8
ENSG00000164684	11
ENSG00000164713	5
ENSG00000164733	3
ENSG00000164808	4
ENSG00000164815	3
ENSG00000164823	2
ENSG00000164830	6
ENSG00000164849	11
ENSG00000164880	11
ENSG00000164885	5
ENSG00000164904	12
ENSG00000164916	11
ENSG00000164938	4
ENSG00000164941	4
ENSG00000164951	2
ENSG00000164961	7
ENSG00000164970	2
ENSG00000164975	10
ENSG00000164978	5
ENSG00000164983	9
ENSG00000164985	5
ENSG00000165006	2
ENSG00000165025	6
ENSG00000165029	2
ENSG00000165071	5
ENSG00000165097	6
ENSG00000165102	6
ENSG00000165168	6
ENSG00000165169	7
ENSG00000165195	2
ENSG00000165233	3
ENSG00000165280	2
ENSG00000165282	3
ENSG00000165288	6
ENSG00000165312	2
ENSG00000165322	4
ENSG00000165338	9
ENSG00000165406	2
ENSG00000165410	4
ENSG00000165457	10
ENSG00000165475	6
ENSG00000165476	2
ENSG00000165507	5
ENSG00000165516	11
ENSG00000165527	2
ENSG00000165533	3
ENSG00000165548	10
ENSG00000165609	3
ENSG00000165632	9
ENSG00000165637	7
ENSG00000165650	6
ENSG00000165655	10
ENSG00000165660	3
ENSG00000165678	3
ENSG00000165714	2
ENSG00000165782	9
ENSG00000165795	5
ENSG00000165801	4
ENSG00000165804	5
ENSG00000165861	10
ENSG00000165879	3
ENSG00000165886	3
ENSG00000165898	4
ENSG00000165914	2
ENSG00000165915	3
ENSG00000165948	11
ENSG00000165959	10
ENSG00000165973	12
ENSG00000165983	12
ENSG00000165997	6
ENSG00000166004	12
ENSG00000166024	4
ENSG00000166037	12
ENSG00000166046	6
ENSG00000166068	2
ENSG00000166128	3
ENSG00000166130	2
ENSG00000166135	6
ENSG00000166140	3
ENSG00000166145	5
ENSG00000166165	11
ENSG00000166169	5
ENSG00000166170	7
ENSG00000166188	3
ENSG00000166189	3
ENSG00000166228	5
ENSG00000166233	6
ENSG00000166272	8
ENSG00000166289	8
ENSG00000166311	5
ENSG00000166313	5
ENSG00000166333	5
ENSG00000166340	6
ENSG00000166347	12
ENSG00000166352	5
ENSG00000166377	2
ENSG00000166387	2
ENSG00000166398	3
ENSG00000166401	2
ENSG00000166435	3
ENSG00000166439	6
ENSG00000166446	3
ENSG00000166452	3
ENSG00000166471	9
ENSG00000166501	3
ENSG00000166507	2
ENSG00000166523	5
ENSG00000166529	3
ENSG00000166548	5
ENSG00000166557	2
ENSG00000166575	6
ENSG00000166619	3
ENSG00000166670	10
ENSG00000166681	6
ENSG00000166685	11
ENSG00000166704	12
ENSG00000166710	6
ENSG00000166734	7
ENSG00000166750	2
ENSG00000166780	3
ENSG00000166794	3
ENSG00000166797	4
ENSG00000166822	8
ENSG00000166825	8
ENSG00000166887	6
ENSG00000166888	4
ENSG00000166889	2
ENSG00000166908	9
ENSG00000166912	6
ENSG00000166913	3
ENSG00000166927	9
ENSG00000166928	10
ENSG00000166938	12
ENSG00000166946	5
ENSG00000166971	5
ENSG00000166974	4
ENSG00000166986	8
ENSG00000167004	3
ENSG00000167065	3
ENSG00000167077	6
ENSG00000167083	5
ENSG00000167106	8
ENSG00000167107	5
ENSG00000167110	6
ENSG00000167123	5
ENSG00000167182	6
ENSG00000167186	2
ENSG00000167193	2
ENSG00000167202	2
ENSG00000167207	8
ENSG00000167208	5
ENSG00000167232	11
ENSG00000167257	3
ENSG00000167261	11
ENSG00000167280	6
ENSG00000167283	12
ENSG00000167323	5
ENSG00000167333	11
ENSG00000167380	9
ENSG00000167397	5
ENSG00000167460	4
ENSG00000167524	6
ENSG00000167528	2
ENSG00000167536	12
ENSG00000167543	11
ENSG00000167548	6
ENSG00000167552	6
ENSG00000167565	3
ENSG00000167578	5
ENSG00000167604	3
ENSG00000167613	4
ENSG00000167625	11
ENSG00000167632	5
ENSG00000167637	4
ENSG00000167642	5
ENSG00000167645	5
ENSG00000167671	3
ENSG00000167699	4
ENSG00000167700	3
ENSG00000167702	10
ENSG00000167703	3
ENSG00000167705	5
ENSG00000167716	3
ENSG00000167740	6
ENSG00000167748	5
ENSG00000167778	5
ENSG00000167785	4
ENSG00000167842	8
ENSG00000167850	6
ENSG00000167851	8
ENSG00000167863	5
ENSG00000167881	3
ENSG00000167895	5
ENSG00000167920	4
ENSG00000167925	5
ENSG00000167930	4
ENSG00000167972	10
ENSG00000167978	12
ENSG00000167987	6
ENSG00000167994	9
ENSG00000167995	7
ENSG00000167996	4
ENSG00000168003	12
ENSG00000168010	5
ENSG00000168014	12
ENSG00000168028	12
ENSG00000168036	2
ENSG00000168038	9
ENSG00000168040	3
ENSG00000168067	5
ENSG00000168159	5
ENSG00000168214	8
ENSG00000168216	10
ENSG00000168256	3
ENSG00000168273	3
ENSG00000168300	6
ENSG00000168303	9
ENSG00000168329	7
ENSG00000168334	3
ENSG00000168385	6
ENSG00000168404	3
ENSG00000168434	12
ENSG00000168461	3
ENSG00000168476	3
ENSG00000168517	11
ENSG00000168522	4
ENSG00000168528	10
ENSG00000168556	2
ENSG00000168591	5
ENSG00000168610	3
ENSG00000168615	9
ENSG00000168710	2
ENSG00000168724	7
ENSG00000168763	11
ENSG00000168769	6
ENSG00000168792	4
ENSG00000168807	9
ENSG00000168872	9
ENSG00000168887	5
ENSG00000168890	3
ENSG00000168894	5
ENSG00000168904	11
ENSG00000168906	6
ENSG00000168918	4
ENSG00000168936	5
ENSG00000168938	3
ENSG00000168944	11
ENSG00000168958	5
ENSG00000168961	5
ENSG00000168994	3
ENSG00000168995	10
ENSG00000169019	4
ENSG00000169032	3
ENSG00000169087	11
ENSG00000169105	12
ENSG00000169136	10
ENSG00000169155	6
ENSG00000169180	3
ENSG00000169189	5
ENSG00000169193	9
ENSG00000169220	5
ENSG00000169223	3
ENSG00000169228	4
ENSG00000169241	5
ENSG00000169245	2
ENSG00000169246	11
ENSG00000169252	6
ENSG00000169313	8
ENSG00000169359	3
ENSG00000169371	3
ENSG00000169372	12
ENSG00000169375	6
ENSG00000169385	8
ENSG00000169403	9
ENSG00000169410	3
ENSG00000169413	6
ENSG00000169429	3
ENSG00000169439	3
ENSG00000169442	6
ENSG00000169490	3
ENSG00000169499	4
ENSG00000169504	6
ENSG00000169508	7
ENSG00000169627	9
ENSG00000169641	2
ENSG00000169682	3
ENSG00000169714	11
ENSG00000169733	10
ENSG00000169740	4
ENSG00000169750	11
ENSG00000169756	2
ENSG00000169762	6
ENSG00000169764	4
ENSG00000169814	3
ENSG00000169826	2
ENSG00000169855	7
ENSG00000169871	12
ENSG00000169895	4
ENSG00000169896	7
ENSG00000169902	2
ENSG00000169914	6
ENSG00000169919	6
ENSG00000169925	11
ENSG00000169926	2
ENSG00000169951	11
ENSG00000169955	3
ENSG00000169964	5
ENSG00000169972	2
ENSG00000169976	12
ENSG00000170017	6
ENSG00000170043	5
ENSG00000170145	6
ENSG00000170175	11
ENSG00000170190	3
ENSG00000170222	4
ENSG00000170234	2
ENSG00000170242	7
ENSG00000170260	12
ENSG00000170266	6
ENSG00000170271	11
ENSG00000170275	5
ENSG00000170293	12
ENSG00000170296	5
ENSG00000170310	4
ENSG00000170322	6
ENSG00000170325	2
ENSG00000170340	8
ENSG00000170345	2
ENSG00000170348	3
ENSG00000170379	9
ENSG00000170385	2
ENSG00000170412	5
ENSG00000170425	3
ENSG00000170430	5
ENSG00000170448	3
ENSG00000170458	7
ENSG00000170473	3
ENSG00000170525	2
ENSG00000170542	8
ENSG00000170545	4
ENSG00000170561	11
ENSG00000170581	6
ENSG00000170619	3
ENSG00000170631	12
ENSG00000170633	3
ENSG00000170638	11
ENSG00000170667	11
ENSG00000170677	2
ENSG00000170775	10
ENSG00000170776	5
ENSG00000170791	2
ENSG00000170832	7
ENSG00000170836	2
ENSG00000170852	2
ENSG00000170873	9
ENSG00000170892	4
ENSG00000170899	11
ENSG00000170909	8
ENSG00000170915	3
ENSG00000170921	6
ENSG00000170946	10
ENSG00000170949	4
ENSG00000170954	11
ENSG00000170989	2
ENSG00000171033	12
ENSG00000171045	5
ENSG00000171051	10
ENSG00000171055	2
ENSG00000171097	4
ENSG00000171100	8
ENSG00000171103	4
ENSG00000171109	10
ENSG00000171115	9
ENSG00000171130	5
ENSG00000171148	5
ENSG00000171150	3
ENSG00000171155	3
ENSG00000171223	2
ENSG00000171227	10
ENSG00000171236	3
ENSG00000171298	6
ENSG00000171302	3
ENSG00000171307	3
ENSG00000171314	4
ENSG00000171365	3
ENSG00000171425	11
ENSG00000171443	5
ENSG00000171448	12
ENSG00000171456	6
ENSG00000171467	6
ENSG00000171469	7
ENSG00000171475	2
ENSG00000171492	6
ENSG00000171497	3
ENSG00000171522	2
ENSG00000171530	11
ENSG00000171552	5
ENSG00000171617	2
ENSG00000171700	3
ENSG00000171720	8
ENSG00000171723	9
ENSG00000171729	10
ENSG00000171757	4
ENSG00000171766	11
ENSG00000171777	8
ENSG00000171806	12
ENSG00000171840	5
ENSG00000171858	12
ENSG00000171860	8
ENSG00000171867	2
ENSG00000171928	2
ENSG00000171943	3
ENSG00000171970	12
ENSG00000172057	4
ENSG00000172059	11
ENSG00000172081	3
ENSG00000172086	3
ENSG00000172113	3
ENSG00000172171	4
ENSG00000172216	2
ENSG00000172239	11
ENSG00000172243	9
ENSG00000172269	4
ENSG00000172270	11
ENSG00000172322	8
ENSG00000172331	11
ENSG00000172340	5
ENSG00000172354	3
ENSG00000172375	3
ENSG00000172379	10
ENSG00000172380	10
ENSG00000172432	3
ENSG00000172456	5
ENSG00000172465	5
ENSG00000172469	4
ENSG00000172543	7
ENSG00000172578	4
ENSG00000172613	12
ENSG00000172638	10
ENSG00000172661	4
ENSG00000172663	5
ENSG00000172671	11
ENSG00000172716	6
ENSG00000172725	5
ENSG00000172728	10
ENSG00000172757	5
ENSG00000172765	4
ENSG00000172766	12
ENSG00000172794	5
ENSG00000172819	4
ENSG00000172824	10
ENSG00000172869	10
ENSG00000172888	9
ENSG00000172890	6
ENSG00000172936	3
ENSG00000172939	8
ENSG00000172943	12
ENSG00000173041	12
ENSG00000173064	6
ENSG00000173065	2
ENSG00000173083	3
ENSG00000173110	10
ENSG00000173113	12
ENSG00000173166	8
ENSG00000173193	4
ENSG00000173198	6
ENSG00000173221	4
ENSG00000173230	2
ENSG00000173273	12
ENSG00000173275	6
ENSG00000173281	2
ENSG00000173334	2
ENSG00000173349	12
ENSG00000173369	10
ENSG00000173372	9
ENSG00000173391	8
ENSG00000173402	10
ENSG00000173409	5
ENSG00000173442	5
ENSG00000173465	11
ENSG00000173482	10
ENSG00000173486	3
ENSG00000173511	5
ENSG00000173517	10
ENSG00000173531	5
ENSG00000173535	2
ENSG00000173548	5
ENSG00000173559	7
ENSG00000173581	5
ENSG00000173599	5
ENSG00000173611	11
ENSG00000173614	3
ENSG00000173653	2
ENSG00000173692	2
ENSG00000173706	6
ENSG00000173726	11
ENSG00000173744	3
ENSG00000173821	4
ENSG00000173852	3
ENSG00000173918	10
ENSG00000173928	2
ENSG00000173960	9
ENSG00000173992	5
ENSG00000174004	5
ENSG00000174010	9
ENSG00000174125	4
ENSG00000174130	6
ENSG00000174132	2
ENSG00000174151	9
ENSG00000174165	4
ENSG00000174206	11
ENSG00000174238	2
ENSG00000174282	10
ENSG00000174370	10
ENSG00000174373	10
ENSG00000174446	11
ENSG00000174456	5
ENSG00000174483	12
ENSG00000174500	4
ENSG00000174574	2
ENSG00000174600	9
ENSG00000174628	2
ENSG00000174684	3
ENSG00000174695	9
ENSG00000174705	4
ENSG00000174718	2
ENSG00000174738	11
ENSG00000174744	9
ENSG00000174791	5
ENSG00000174807	4
ENSG00000174837	10
ENSG00000174839	11
ENSG00000174840	9
ENSG00000174903	3
ENSG00000174917	3
ENSG00000174943	2
ENSG00000174953	9
ENSG00000175040	4
ENSG00000175073	2
ENSG00000175084	8
ENSG00000175087	12
ENSG00000175115	6
ENSG00000175155	3
ENSG00000175182	10
ENSG00000175197	5
ENSG00000175203	7
ENSG00000175213	2
ENSG00000175215	4
ENSG00000175274	10
ENSG00000175287	5
ENSG00000175309	6
ENSG00000175348	3
ENSG00000175354	4
ENSG00000175376	8
ENSG00000175387	4
ENSG00000175390	12
ENSG00000175395	10
ENSG00000175414	10
ENSG00000175463	5
ENSG00000175470	9
ENSG00000175471	3
ENSG00000175482	5
ENSG00000175489	9
ENSG00000175538	7
ENSG00000175548	6
ENSG00000175567	6
ENSG00000175573	3
ENSG00000175582	3
ENSG00000175606	2
ENSG00000175662	3
ENSG00000175727	6
ENSG00000175782	5
ENSG00000175787	6
ENSG00000175895	9
ENSG00000175899	8
ENSG00000175938	5
ENSG00000176014	2
ENSG00000176024	11
ENSG00000176049	9
ENSG00000176055	11
ENSG00000176087	4
ENSG00000176105	2
ENSG00000176148	9
ENSG00000176171	4
ENSG00000176182	2
ENSG00000176358	8
ENSG00000176390	2
ENSG00000176393	4
ENSG00000176463	3
ENSG00000176490	3
ENSG00000176533	12
ENSG00000176597	2
ENSG00000176623	5
ENSG00000176715	5
ENSG00000176783	8
ENSG00000176788	10
ENSG00000176834	12
ENSG00000176845	2
ENSG00000176853	7
ENSG00000176871	9
ENSG00000176903	2
ENSG00000176915	6
ENSG00000176986	3
ENSG00000176994	2
ENSG00000177000	6
ENSG00000177030	11
ENSG00000177042	3
ENSG00000177058	4
ENSG00000177082	3
ENSG00000177105	5
ENSG00000177106	11
ENSG00000177119	4
ENSG00000177125	2
ENSG00000177169	11
ENSG00000177189	2
ENSG00000177191	7
ENSG00000177239	5
ENSG00000177283	12
ENSG00000177311	10
ENSG00000177409	5
ENSG00000177479	6
ENSG00000177556	5
ENSG00000177575	9
ENSG00000177576	10
ENSG00000177606	2
ENSG00000177613	12
ENSG00000177614	3
ENSG00000177628	5
ENSG00000177674	3
ENSG00000177675	10
ENSG00000177697	3
ENSG00000177706	4
ENSG00000177721	12
ENSG00000177731	4
ENSG00000177854	5
ENSG00000177879	9
ENSG00000177885	3
ENSG00000177946	3
ENSG00000177951	3
ENSG00000177963	10
ENSG00000177981	10
ENSG00000178038	6
ENSG00000178104	5
ENSG00000178177	10
ENSG00000178199	6
ENSG00000178209	5
ENSG00000178226	6
ENSG00000178234	3
ENSG00000178338	12
ENSG00000178386	6
ENSG00000178467	11
ENSG00000178498	5
ENSG00000178502	6
ENSG00000178562	2
ENSG00000178573	9
ENSG00000178585	5
ENSG00000178694	2
ENSG00000178695	2
ENSG00000178719	5
ENSG00000178726	9
ENSG00000178761	8
ENSG00000178764	11
ENSG00000178789	5
ENSG00000178802	6
ENSG00000178809	11
ENSG00000178922	11
ENSG00000178927	4
ENSG00000178980	4
ENSG00000178982	12
ENSG00000178988	12
ENSG00000178996	2
ENSG00000179021	8
ENSG00000179029	5
ENSG00000179144	11
ENSG00000179152	4
ENSG00000179163	4
ENSG00000179240	11
ENSG00000179241	10
ENSG00000179331	10
ENSG00000179344	12
ENSG00000179364	7
ENSG00000179403	5
ENSG00000179431	11
ENSG00000179454	10
ENSG00000179456	11
ENSG00000179526	3
ENSG00000179604	6
ENSG00000179630	9
ENSG00000179632	5
ENSG00000179715	5
ENSG00000179750	5
ENSG00000179820	4
ENSG00000179832	6
ENSG00000179833	6
ENSG00000179889	11
ENSG00000179918	8
ENSG00000179921	9
ENSG00000179933	3
ENSG00000179941	5
ENSG00000179965	12
ENSG00000179981	11
ENSG00000179988	12
ENSG00000180011	4
ENSG00000180035	12
ENSG00000180061	7
ENSG00000180098	3
ENSG00000180104	6
ENSG00000180182	4
ENSG00000180185	3
ENSG00000180233	10
ENSG00000180257	11
ENSG00000180304	4
ENSG00000180340	4
ENSG00000180353	5
ENSG00000180354	7
ENSG00000180370	6
ENSG00000180398	3
ENSG00000180549	2
ENSG00000180573	4
ENSG00000180628	10
ENSG00000180694	9
ENSG00000180758	3
ENSG00000180776	7
ENSG00000180879	12
ENSG00000180891	9
ENSG00000180900	11
ENSG00000180902	5
ENSG00000180917	4
ENSG00000180964	5
ENSG00000181031	5
ENSG00000181038	5
ENSG00000181045	6
ENSG00000181135	2
ENSG00000181192	6
ENSG00000181264	12
ENSG00000181274	2
ENSG00000181284	3
ENSG00000181315	11
ENSG00000181374	10
ENSG00000181381	2
ENSG00000181396	11
ENSG00000181444	5
ENSG00000181450	12
ENSG00000181467	2
ENSG00000181481	5
ENSG00000181513	4
ENSG00000181523	5
ENSG00000181631	8
ENSG00000181634	9
ENSG00000181666	11
ENSG00000181704	2
ENSG00000181744	8
ENSG00000181751	11
ENSG00000181789	6
ENSG00000181804	9
ENSG00000181817	3
ENSG00000181826	2
ENSG00000181852	3
ENSG00000181885	9
ENSG00000181915	11
ENSG00000181929	4
ENSG00000181982	11
ENSG00000181991	3
ENSG00000182022	4
ENSG00000182054	12
ENSG00000182095	2
ENSG00000182108	3
ENSG00000182117	2
ENSG00000182134	4
ENSG00000182141	12
ENSG00000182150	6
ENSG00000182162	12
ENSG00000182196	11
ENSG00000182197	3
ENSG00000182208	2
ENSG00000182220	6
ENSG00000182240	11
ENSG00000182247	3
ENSG00000182287	6
ENSG00000182362	5
ENSG00000182372	2
ENSG00000182400	3
ENSG00000182473	3
ENSG00000182504	12
ENSG00000182511	4
ENSG00000182534	10
ENSG00000182544	2
ENSG00000182568	11
ENSG00000182578	5
ENSG00000182670	6
ENSG00000182718	3
ENSG00000182749	11
ENSG00000182768	9
ENSG00000182774	12
ENSG00000182782	8
ENSG00000182827	2
ENSG00000182853	10
ENSG00000182871	5
ENSG00000182885	7
ENSG00000182899	12
ENSG00000182903	11
ENSG00000182923	11
ENSG00000182957	2
ENSG00000183019	3
ENSG00000183020	9
ENSG00000183023	4
ENSG00000183077	11
ENSG00000183087	9
ENSG00000183172	5
ENSG00000183255	4
ENSG00000183283	4
ENSG00000183291	4
ENSG00000183307	2
ENSG00000183354	6
ENSG00000183386	2
ENSG00000183401	5
ENSG00000183475	2
ENSG00000183486	6
ENSG00000183496	11
ENSG00000183513	5
ENSG00000183576	3
ENSG00000183578	10
ENSG00000183597	5
ENSG00000183621	10
ENSG00000183647	12
ENSG00000183688	3
ENSG00000183696	2
ENSG00000183718	12
ENSG00000183726	5
ENSG00000183741	3
ENSG00000183742	10
ENSG00000183826	2
ENSG00000184005	2
ENSG00000184007	4
ENSG00000184009	6
ENSG00000184014	2
ENSG00000184056	2
ENSG00000184060	7
ENSG00000184083	12
ENSG00000184117	5
ENSG00000184182	3
ENSG00000184207	3
ENSG00000184208	7
ENSG00000184221	10
ENSG00000184381	12
ENSG00000184384	7
ENSG00000184432	3
ENSG00000184436	11
ENSG00000184470	5
ENSG00000184481	4
ENSG00000184500	10
ENSG00000184508	5
ENSG00000184557	8
ENSG00000184574	10
ENSG00000184575	7
ENSG00000184584	5
ENSG00000184588	11
ENSG00000184602	11
ENSG00000184640	12
ENSG00000184730	5
ENSG00000184743	7
ENSG00000184840	3
ENSG00000184863	6
ENSG00000184900	12
ENSG00000184903	5
ENSG00000184916	11
ENSG00000184985	12
ENSG00000184988	5
ENSG00000185000	3
ENSG00000185022	2
ENSG00000185033	3
ENSG00000185043	5
ENSG00000185049	11
ENSG00000185085	3
ENSG00000185090	12
ENSG00000185112	2
ENSG00000185115	11
ENSG00000185127	9
ENSG00000185158	7
ENSG00000185189	6
ENSG00000185201	5
ENSG00000185215	3
ENSG00000185219	12
ENSG00000185222	5
ENSG00000185246	12
ENSG00000185252	12
ENSG00000185339	6
ENSG00000185340	10
ENSG00000185361	4
ENSG00000185379	12
ENSG00000185418	7
ENSG00000185432	5
ENSG00000185475	5
ENSG00000185477	9
ENSG00000185482	5
ENSG00000185499	9
ENSG00000185504	3
ENSG00000185507	2
ENSG00000185513	6
ENSG00000185515	3
ENSG00000185527	6
ENSG00000185624	2
ENSG00000185630	6
ENSG00000185658	6
ENSG00000185728	2
ENSG00000185745	3
ENSG00000185753	3
ENSG00000185808	5
ENSG00000185829	6
ENSG00000185862	2
ENSG00000185864	6
ENSG00000185880	4
ENSG00000185883	2
ENSG00000185885	5
ENSG00000185896	4
ENSG00000185905	4
ENSG00000185909	10
ENSG00000185917	12
ENSG00000185947	9
ENSG00000185950	11
ENSG00000185963	2
ENSG00000185973	5
ENSG00000186017	12
ENSG00000186063	3
ENSG00000186074	7
ENSG00000186088	8
ENSG00000186104	3
ENSG00000186106	12
ENSG00000186111	3
ENSG00000186184	12
ENSG00000186272	11
ENSG00000186283	3
ENSG00000186300	8
ENSG00000186350	4
ENSG00000186352	10
ENSG00000186364	12
ENSG00000186376	3
ENSG00000186407	7
ENSG00000186448	3
ENSG00000186468	12
ENSG00000186469	5
ENSG00000186501	11
ENSG00000186517	4
ENSG00000186522	9
ENSG00000186532	4
ENSG00000186577	5
ENSG00000186591	6
ENSG00000186635	5
ENSG00000186642	9
ENSG00000186654	5
ENSG00000186716	4
ENSG00000186812	11
ENSG00000186814	6
ENSG00000186815	8
ENSG00000186818	6
ENSG00000186918	11
ENSG00000186951	4
ENSG00000187049	8
ENSG00000187091	2
ENSG00000187098	9
ENSG00000187116	6
ENSG00000187164	9
ENSG00000187210	9
ENSG00000187231	6
ENSG00000187239	8
ENSG00000187257	12
ENSG00000187266	5
ENSG00000187446	2
ENSG00000187474	11
ENSG00000187554	10
ENSG00000187555	6
ENSG00000187601	12
ENSG00000187609	11
ENSG00000187626	4
ENSG00000187688	5
ENSG00000187735	12
ENSG00000187764	4
ENSG00000187792	12
ENSG00000187796	5
ENSG00000187815	12
ENSG00000187837	10
ENSG00000187838	3
ENSG00000187840	5
ENSG00000187866	11
ENSG00000187912	3
ENSG00000187954	3
ENSG00000187957	9
ENSG00000187994	7
ENSG00000188021	11
ENSG00000188026	5
ENSG00000188042	11
ENSG00000188060	10
ENSG00000188092	12
ENSG00000188191	9
ENSG00000188215	2
ENSG00000188227	12
ENSG00000188234	11
ENSG00000188283	11
ENSG00000188312	12
ENSG00000188313	5
ENSG00000188315	2
ENSG00000188352	4
ENSG00000188389	10
ENSG00000188404	6
ENSG00000188419	4
ENSG00000188483	5
ENSG00000188493	5
ENSG00000188522	2
ENSG00000188542	12
ENSG00000188549	7
ENSG00000188554	7
ENSG00000188603	5
ENSG00000188629	11
ENSG00000188641	7
ENSG00000188643	5
ENSG00000188647	6
ENSG00000188677	6
ENSG00000188725	4
ENSG00000188732	11
ENSG00000188811	8
ENSG00000188820	5
ENSG00000188827	3
ENSG00000188846	12
ENSG00000188878	11
ENSG00000188921	5
ENSG00000188997	3
ENSG00000189050	3
ENSG00000189067	2
ENSG00000189077	3
ENSG00000189114	10
ENSG00000189164	12
ENSG00000189171	4
ENSG00000189180	6
ENSG00000189227	9
ENSG00000189283	8
ENSG00000189369	7
ENSG00000196072	2
ENSG00000196083	2
ENSG00000196116	3
ENSG00000196123	3
ENSG00000196141	3
ENSG00000196150	11
ENSG00000196151	12
ENSG00000196154	6
ENSG00000196182	3
ENSG00000196187	6
ENSG00000196189	5
ENSG00000196199	4
ENSG00000196209	5
ENSG00000196220	11
ENSG00000196263	10
ENSG00000196267	11
ENSG00000196323	12
ENSG00000196329	10
ENSG00000196352	8
ENSG00000196367	6
ENSG00000196369	8
ENSG00000196371	8
ENSG00000196372	5
ENSG00000196378	11
ENSG00000196387	11
ENSG00000196396	2
ENSG00000196405	10
ENSG00000196417	7
ENSG00000196422	3
ENSG00000196436	11
ENSG00000196437	12
ENSG00000196449	9
ENSG00000196460	3
ENSG00000196470	12
ENSG00000196498	5
ENSG00000196502	5
ENSG00000196505	2
ENSG00000196511	8
ENSG00000196535	4
ENSG00000196547	6
ENSG00000196550	3
ENSG00000196562	5
ENSG00000196576	4
ENSG00000196588	3
ENSG00000196605	8
ENSG00000196611	9
ENSG00000196628	6
ENSG00000196636	4
ENSG00000196639	10
ENSG00000196646	11
ENSG00000196663	10
ENSG00000196664	8
ENSG00000196683	5
ENSG00000196684	4
ENSG00000196704	5
ENSG00000196712	6
ENSG00000196724	11
ENSG00000196730	10
ENSG00000196743	10
ENSG00000196776	5
ENSG00000196812	11
ENSG00000196821	3
ENSG00000196839	10
ENSG00000196843	10
ENSG00000196865	8
ENSG00000196878	3
ENSG00000196912	6
ENSG00000196914	6
ENSG00000196924	3
ENSG00000196950	3
ENSG00000196954	9
ENSG00000196961	3
ENSG00000196967	10
ENSG00000196968	4
ENSG00000196975	7
ENSG00000196976	12
ENSG00000196981	8
ENSG00000196998	5
ENSG00000197006	3
ENSG00000197008	12
ENSG00000197019	2
ENSG00000197021	9
ENSG00000197037	6
ENSG00000197043	6
ENSG00000197050	9
ENSG00000197056	4
ENSG00000197062	11
ENSG00000197070	3
ENSG00000197081	10
ENSG00000197102	11
ENSG00000197111	12
ENSG00000197119	11
ENSG00000197122	6
ENSG00000197142	4
ENSG00000197162	12
ENSG00000197208	2
ENSG00000197226	3
ENSG00000197249	7
ENSG00000197302	4
ENSG00000197323	6
ENSG00000197324	7
ENSG00000197329	9
ENSG00000197355	8
ENSG00000197363	11
ENSG00000197405	8
ENSG00000197410	6
ENSG00000197442	3
ENSG00000197448	5
ENSG00000197535	2
ENSG00000197536	11
ENSG00000197548	4
ENSG00000197555	3
ENSG00000197563	4
ENSG00000197568	5
ENSG00000197586	5
ENSG00000197601	7
ENSG00000197603	12
ENSG00000197619	2
ENSG00000197622	2
ENSG00000197629	7
ENSG00000197632	9
ENSG00000197635	11
ENSG00000197653	2
ENSG00000197712	10
ENSG00000197713	3
ENSG00000197724	12
ENSG00000197746	3
ENSG00000197747	7
ENSG00000197774	3
ENSG00000197782	9
ENSG00000197860	10
ENSG00000197879	6
ENSG00000197892	8
ENSG00000197903	5
ENSG00000197912	12
ENSG00000197930	9
ENSG00000197943	5
ENSG00000197951	10
ENSG00000197956	5
ENSG00000197965	4
ENSG00000197976	3
ENSG00000198001	6
ENSG00000198019	5
ENSG00000198034	12
ENSG00000198040	12
ENSG00000198053	3
ENSG00000198055	4
ENSG00000198060	9
ENSG00000198081	3
ENSG00000198089	5
ENSG00000198093	6
ENSG00000198113	8
ENSG00000198125	2
ENSG00000198169	11
ENSG00000198171	2
ENSG00000198189	4
ENSG00000198208	11
ENSG00000198223	10
ENSG00000198231	6
ENSG00000198242	12
ENSG00000198258	12
ENSG00000198265	6
ENSG00000198270	12
ENSG00000198346	12
ENSG00000198355	10
ENSG00000198363	9
ENSG00000198373	2
ENSG00000198393	9
ENSG00000198399	7
ENSG00000198420	6
ENSG00000198453	11
ENSG00000198515	10
ENSG00000198517	11
ENSG00000198520	5
ENSG00000198551	12
ENSG00000198561	2
ENSG00000198585	9
ENSG00000198586	6
ENSG00000198589	6
ENSG00000198642	10
ENSG00000198646	6
ENSG00000198663	6
ENSG00000198668	5
ENSG00000198677	6
ENSG00000198689	3
ENSG00000198690	11
ENSG00000198707	11
ENSG00000198719	11
ENSG00000198722	6
ENSG00000198740	5
ENSG00000198742	6
ENSG00000198743	2
ENSG00000198752	3
ENSG00000198771	3
ENSG00000198792	3
ENSG00000198799	6
ENSG00000198814	7
ENSG00000198816	5
ENSG00000198818	5
ENSG00000198821	5
ENSG00000198825	11
ENSG00000198837	3
ENSG00000198839	7
ENSG00000198841	9
ENSG00000198843	2
ENSG00000198846	11
ENSG00000198848	7
ENSG00000198858	3
ENSG00000198863	4
ENSG00000198876	4
ENSG00000198894	3
ENSG00000198898	8
ENSG00000198909	4
ENSG00000198910	3
ENSG00000198911	6
ENSG00000198918	12
ENSG00000198920	3
ENSG00000198925	3
ENSG00000198931	11
ENSG00000198951	5
ENSG00000198954	2
ENSG00000198959	4
ENSG00000198960	5
ENSG00000198961	6
ENSG00000198964	9
ENSG00000203705	5
ENSG00000203747	11
ENSG00000203778	12
ENSG00000203791	5
ENSG00000203812	5
ENSG00000203879	11
ENSG00000203896	11
ENSG00000203965	12
ENSG00000204084	6
ENSG00000204103	7
ENSG00000204104	10
ENSG00000204130	11
ENSG00000204131	6
ENSG00000204138	6
ENSG00000204152	6
ENSG00000204160	3
ENSG00000204161	4
ENSG00000204217	3
ENSG00000204220	4
ENSG00000204227	5
ENSG00000204231	11
ENSG00000204305	3
ENSG00000204308	12
ENSG00000204310	4
ENSG00000204370	3
ENSG00000204386	3
ENSG00000204387	11
ENSG00000204389	3
ENSG00000204397	6
ENSG00000204439	3
ENSG00000204463	12
ENSG00000204472	7
ENSG00000204482	6
ENSG00000204498	5
ENSG00000204516	4
ENSG00000204520	5
ENSG00000204536	12
ENSG00000204577	8
ENSG00000204592	9
ENSG00000204604	2
ENSG00000204611	3
ENSG00000204619	4
ENSG00000204634	8
ENSG00000204673	3
ENSG00000204713	12
ENSG00000204852	4
ENSG00000204859	5
ENSG00000204920	10
ENSG00000204922	11
ENSG00000204946	11
ENSG00000204954	12
ENSG00000205084	12
ENSG00000205133	10
ENSG00000205189	6
ENSG00000205269	10
ENSG00000205302	4
ENSG00000205352	3
ENSG00000205356	6
ENSG00000205423	2
ENSG00000205476	12
ENSG00000205544	12
ENSG00000205593	11
ENSG00000205629	11
ENSG00000205707	5
ENSG00000205726	9
ENSG00000205730	10
ENSG00000205744	5
ENSG00000205758	10
ENSG00000205765	3
ENSG00000205856	9
ENSG00000205903	9
ENSG00000205978	4
ENSG00000206344	12
ENSG00000206418	2
ENSG00000206562	3
ENSG00000211445	11
ENSG00000211584	6
ENSG00000213064	7
ENSG00000213145	5
ENSG00000213203	11
ENSG00000213246	12
ENSG00000213316	9
ENSG00000213366	11
ENSG00000213463	5
ENSG00000213465	5
ENSG00000213523	5
ENSG00000213614	6
ENSG00000213625	6
ENSG00000213626	10
ENSG00000213639	4
ENSG00000213648	5
ENSG00000213654	5
ENSG00000213658	8
ENSG00000213672	6
ENSG00000213676	5
ENSG00000213689	3
ENSG00000213699	3
ENSG00000213719	5
ENSG00000213741	12
ENSG00000213760	11
ENSG00000213799	7
ENSG00000213859	4
ENSG00000213865	4
ENSG00000213889	10
ENSG00000213903	3
ENSG00000213928	7
ENSG00000213988	11
ENSG00000213995	3
ENSG00000214021	6
ENSG00000214063	7
ENSG00000214193	3
ENSG00000214212	5
ENSG00000214274	10
ENSG00000214367	8
ENSG00000214413	5
ENSG00000214435	12
ENSG00000214530	5
ENSG00000214655	3
ENSG00000214717	12
ENSG00000214753	6
ENSG00000214756	12
ENSG00000215012	12
ENSG00000215041	3
ENSG00000215114	10
ENSG00000215252	6
ENSG00000215271	3
ENSG00000215305	5
ENSG00000215375	10
ENSG00000215421	2
ENSG00000215440	6
ENSG00000215717	2
ENSG00000215788	9
ENSG00000215845	11
ENSG00000215883	11
ENSG00000216490	4
ENSG00000217128	9
ENSG00000219200	5
ENSG00000219481	11
ENSG00000220205	11
ENSG00000221829	12
ENSG00000221869	9
ENSG00000221890	3
ENSG00000221914	7
ENSG00000221926	12
ENSG00000221963	2
ENSG00000221978	11
ENSG00000221983	5
ENSG00000221988	12
ENSG00000223547	7
ENSG00000225973	4
ENSG00000226742	11
ENSG00000226979	10
ENSG00000227500	3
ENSG00000228474	5
ENSG00000229859	10
ENSG00000232653	6
ENSG00000233276	3
ENSG00000233927	12
ENSG00000234127	2
ENSG00000234284	12
ENSG00000234444	6
ENSG00000234616	12
ENSG00000235568	6
ENSG00000235863	10
ENSG00000236104	6
ENSG00000237441	4
ENSG00000237651	4
ENSG00000237765	5
ENSG00000238227	3
ENSG00000239282	3
ENSG00000239305	9
ENSG00000239382	5
ENSG00000239521	4
ENSG00000239697	5
ENSG00000239998	2
ENSG00000240065	4
ENSG00000240184	3
ENSG00000240303	6
ENSG00000240682	3
ENSG00000241258	9
ENSG00000241360	12
ENSG00000241370	11
ENSG00000241404	12
ENSG00000241553	5
ENSG00000241685	3
ENSG00000241839	2
ENSG00000241878	3
ENSG00000242028	2
ENSG00000242259	11
ENSG00000242612	11
ENSG00000242616	5
ENSG00000242732	6
ENSG00000243056	11
ENSG00000243147	5
ENSG00000243335	10
ENSG00000243414	9
ENSG00000243646	4
ENSG00000243678	12
ENSG00000243716	6
ENSG00000243749	4
ENSG00000243927	3
ENSG00000243989	5
ENSG00000244005	5
ENSG00000244038	6
ENSG00000244115	5
ENSG00000244187	5
ENSG00000244274	10
ENSG00000244405	10
ENSG00000244482	8
ENSG00000244509	5
ENSG00000244687	4
ENSG00000244754	4
ENSG00000245680	4
ENSG00000246705	10
ENSG00000247596	3
ENSG00000248098	2
ENSG00000248592	11
ENSG00000248643	11
ENSG00000248905	10
ENSG00000249437	9
ENSG00000249709	2
ENSG00000250151	4
ENSG00000250317	5
ENSG00000250479	4
ENSG00000250510	8
ENSG00000250722	10
ENSG00000251247	11
ENSG00000251322	10
ENSG00000251380	8
ENSG00000254087	6
ENSG00000254505	5
ENSG00000254685	10
ENSG00000254788	3
ENSG00000254858	3
ENSG00000254979	11
ENSG00000254999	5
ENSG00000255398	8
ENSG00000255730	2
ENSG00000255833	8
ENSG00000256053	5
ENSG00000256087	2
ENSG00000256223	12
ENSG00000256294	3
ENSG00000256646	10
ENSG00000256660	9
ENSG00000256771	12
ENSG00000257017	5
ENSG00000257093	5
ENSG00000257103	6
ENSG00000257594	3
ENSG00000257727	3
ENSG00000258227	3
ENSG00000258643	4
ENSG00000258659	4
ENSG00000258818	10
ENSG00000259305	9
ENSG00000259431	5
ENSG00000260314	9
ENSG00000260914	8
ENSG00000260916	3
ENSG00000261052	12
ENSG00000261371	6
ENSG00000262246	2
ENSG00000262406	10
ENSG00000263020	8
ENSG00000263465	4
ENSG00000263528	3
ENSG00000263956	11
ENSG00000264343	10
ENSG00000265118	2
ENSG00000265491	9
ENSG00000265590	12
ENSG00000265681	12
ENSG00000266028	8
ENSG00000266074	4
ENSG00000266086	9
ENSG00000266412	4
ENSG00000267534	10
ENSG00000267680	6
ENSG00000267855	12
ENSG00000268173	5
ENSG00000268750	11
ENSG00000269028	9
ENSG00000269335	3
ENSG00000269556	4
ENSG00000269711	2
ENSG00000269858	5
ENSG00000270011	7
ENSG00000270149	6
ENSG00000270629	10
ENSG00000270882	5
ENSG00000271254	11
ENSG00000271383	8
ENSG00000271503	2
ENSG00000271605	3
ENSG00000272325	3
ENSG00000272333	2
ENSG00000272886	6
ENSG00000273047	11
ENSG00000273136	6
ENSG00000273611	11
ENSG00000273748	10
ENSG00000273749	7
ENSG00000274180	11
ENSG00000274211	6
ENSG00000274523	3
ENSG00000275066	6
ENSG00000275074	5
ENSG00000275183	5
ENSG00000275302	2
ENSG00000275342	11
ENSG00000275385	11
ENSG00000275395	9
ENSG00000276231	5
ENSG00000276600	6
ENSG00000277117	10
ENSG00000277258	5
ENSG00000277443	10
ENSG00000277632	2
ENSG00000277877	6
ENSG00000278311	2
ENSG00000278535	12
ENSG00000278619	3
ENSG00000280071	4
ENSG00000282608	8
ENSG00000283013	11
