ENSG00000187049.9 	H000;H003;H006;H009;H012;H018;H024;H036;H048;H072;H120
ENSG00000141497.13 	H000;H003;H006;H009;H012;H018;H024;H036;H048;H072;H120
ENSG00000103227.18 	H000;H003;H006;H009;H012;H018;H024;H036;H048;H072;H120;H168
ENSG00000146592.16 	H000;H003;H006;H009;H012;H018;H024;H036;H048;H072;H120;H168
ENSG00000185760.15 	H120
ENSG00000011105.11 	H000;H003;H006;H009;H012;H018;H024;H036;H048;H072;H120;H168
ENSG00000185198.11 	H168
ENSG00000187210.12 	H009;H024;H036;H048;H072;H120
ENSG00000163040.14 	H009
ENSG00000198363.15 	H000;H003;H006;H009;H012;H018;H024;H036;H048;H072;H120
ENSG00000115884.10 	H048;H072;H120;H168
ENSG00000151376.16 	H120;H168
ENSG00000070087.13 	H120;H168
ENSG00000145428.14 	H000;H003;H006;H009;H012;H018;H024;H036;H048;H072;H120;H168
ENSG00000143494.15 	H120;H168
ENSG00000163110.14 	H000;H003;H006;H009;H012;H018;H024;H036;H048
ENSG00000175040.5 	H000;H003;H006;H009;H012;H018;H024;H036;H048;H072
ENSG00000112419.14 	H000;H003;H006;H009;H012;H018;H024;H036;H048;H072;H120;H168
ENSG00000113504.20 	H000;H003;H006;H009;H012;H018;H024;H036;H048;H072;H120;H168
ENSG00000183434.9 	H000;H003;H006;H009;H012;H018;H024;H036;H048;H072;H120;H168
ENSG00000167641.10 	H120;H168
ENSG00000187714.6 	H000;H003;H009;H036;H048
ENSG00000245848.2 	H000;H003;H006;H009;H012;H018;H024;H036;H048;H072;H120
ENSG00000004478.7 	H000;H003;H006;H009;H012;H018;H024;H036;H048;H072
ENSG00000147889.16 	H000;H003;H006;H009;H012;H018;H024;H036;H048;H072;H120;H168
ENSG00000117528.11 	H000;H003;H006;H009;H012;H024;H048;H072;H120
ENSG00000134324.11 	H168
ENSG00000138442.9 	H000;H003;H006;H009;H012;H018;H024;H036;H048;H072;H120
ENSG00000128789.20 	H000;H003;H006;H009;H012;H018;H024;H036;H048;H072;H120;H168
ENSG00000157168.18 	H000;H003;H006;H009;H012;H018;H024;H036;H048;H072;H120;H168
ENSG00000179833.4 	H000;H003;H009;H012;H048
ENSG00000139629.15 	H000;H003;H006;H009;H012;H018;H024;H036;H048;H072;H120;H168
ENSG00000165312.6 	H000
ENSG00000086506.2 	H000;H003;H006;H009;H012;H018;H024;H036;H048;H072;H120;H168
ENSG00000151503.12 	H009;H012;H024;H036;H048;H072;H120;H168
ENSG00000124275.14 	H000;H003;H006;H009;H012;H018;H024;H036;H048;H072;H120;H168
ENSG00000182872.15 	H006
ENSG00000102871.15 	H000;H003;H006;H009;H012;H018;H024;H036;H048;H072;H120;H168
ENSG00000092758.15 	H000;H003;H006;H009;H012;H018;H024;H036;H048;H072;H120;H168
ENSG00000128604.18 	H000;H003;H006;H009;H012;H018;H024;H036;H048;H072;H120
ENSG00000109501.13 	H036;H048;H072;H120;H168
ENSG00000106333.12 	H000;H009;H018;H024;H036;H048
ENSG00000137166.14 	H000;H003;H006;H009;H012;H018;H024;H036;H048;H072;H120;H168
ENSG00000184634.15 	H000;H003;H006;H009;H012;H024;H036;H048;H072;H120;H168
ENSG00000171453.17 	H000;H003;H006;H009;H012;H018;H024;H036;H048;H072;H120;H168
ENSG00000133135.13 	H000;H024;H036;H048;H120;H168
ENSG00000160953.14 	H000;H003;H006;H009;H012;H018;H024;H036;H048;H072;H120;H168
ENSG00000215301.9 	H000;H003;H009;H012;H024;H036;H048
ENSG00000187239.16 	H000;H003;H006;H009;H012;H018;H024;H036;H048;H072;H120
ENSG00000168502.17 	H000;H009;H024;H036;H048;H072;H120;H168
ENSG00000144711.13 	H000;H003;H006;H009;H012;H018;H024;H036;H048;H072;H120;H168
ENSG00000164362.18 	H036;H048;H072;H120;H168
ENSG00000022567.9 	H000;H003;H006;H009;H012;H018;H024;H036;H048;H072;H120;H168
ENSG00000021355.12 	H000;H003;H006;H009;H012;H018;H024;H036;H048;H072
ENSG00000160256.12 	H072;H120;H168
ENSG00000131370.15 	H000;H003;H006;H009;H012;H018;H024;H036;H048;H072;H120
ENSG00000182712.15 	H003;H006;H009;H012;H024;H048;H168
ENSG00000104447.11 	H000;H003;H006;H009;H012;H018;H024;H036;H048;H072;H120;H168
ENSG00000091490.10 	H009;H012;H024;H036;H048
ENSG00000153208.16 	H000;H003;H006;H009;H012;H018;H024;H036;H048;H072;H120
ENSG00000157087.16 	H000;H003;H006;H009;H012;H018;H024;H036;H048;H072;H120;H168
ENSG00000125637.15 	H000;H003;H006;H009;H012;H018;H024;H036;H048;H072;H120;H168
ENSG00000087460.23 	H000;H003;H006;H009;H012;H018;H024;H036;H048;H072;H120;H168
ENSG00000173805.15 	H000;H003;H006;H009;H012;H018;H024;H036;H048;H072;H120;H168
ENSG00000183779.6 	H000;H003;H006;H009;H012;H018;H024;H036;H048;H072;H120;H168
ENSG00000204612.1 	H000;H003;H006;H009;H012;H018;H024;H036;H048;H072;H120;H168
ENSG00000172575.11 	H168
ENSG00000112333.11 	H000;H003;H006;H009;H012;H018;H024;H036;H048;H072;H120;H168
ENSG00000025708.13 	H000;H003;H006;H009;H012;H018;H024;H036;H048;H072;H120;H168
ENSG00000204634.12 	H000;H003;H006;H009;H012;H018;H024;H036;H048;H072;H120
ENSG00000124942.13 	H000;H003;H006;H009;H012;H018;H024;H036;H048;H072
ENSG00000132481.6 	H000;H003;H006;H009;H012;H018;H024;H036;H048;H072
ENSG00000159335.15 	H000;H003;H006;H009;H012;H018;H024;H036;H048;H072;H120;H168
ENSG00000015413.9 	H120;H168
ENSG00000144591.18 	H000;H003;H006;H009;H012;H018;H024;H036;H048;H072;H120;H168
ENSG00000102098.17 	H000;H003;H006;H009;H012;H018;H024;H036;H048;H072;H120;H168
ENSG00000130340.14 	H000;H003;H006;H009;H012;H018;H024;H036;H048;H072;H120;H168
ENSG00000177706.8 	H000;H003;H006;H009;H012;H018;H024;H036;H048
ENSG00000089116.3 	H000;H003;H006;H009;H012;H018;H024;H036;H048;H072;H120;H168
ENSG00000124588.19 	H000;H003;H006;H009;H012;H018;H024;H048
ENSG00000148219.16 	H000;H003;H006;H009;H012;H018;H024;H036;H048;H072;H120;H168
ENSG00000106038.12 	H000;H003;H006;H009;H012;H018;H024;H036;H048;H072;H120;H168
ENSG00000114861.18 	H000;H003;H006;H009;H012;H018;H024;H036;H048;H072;H120;H168
ENSG00000109255.11 	H000;H003;H006;H009;H012;H018;H024;H036;H048;H072;H120;H168
ENSG00000243449.6 	H000;H003;H006;H009;H012;H018;H024;H036;H048;H072;H120;H168
ENSG00000186487.17 	H120;H168
ENSG00000087253.11 	H000;H003;H006;H009;H012;H024;H048
ENSG00000082781.11 	H000;H003;H006;H009;H012;H018;H024;H036;H048;H072;H120
ENSG00000138119.16 	H000;H003;H006;H009;H012;H018;H024;H036;H048;H120
ENSG00000196730.12 	H000;H003;H006;H009;H012;H018;H024;H036;H048;H072;H120
ENSG00000205362.10 	H000;H003;H006;H009;H012;H018;H024;H036;H048;H072;H120;H168
ENSG00000154545.16 	H120;H168
ENSG00000167967.15 	H000;H003;H006;H009;H012;H024;H036;H048;H072;H120;H168
ENSG00000151917.17 	H000;H003;H006;H009;H012;H018;H024;H036;H048;H072;H120;H168
ENSG00000142949.16 	H120;H168
ENSG00000165215.6 	H000;H003;H006;H009;H012;H018;H024;H036;H048;H072;H120;H168
ENSG00000187608.8 	H000;H003;H006;H009;H012;H018;H024;H036;H048;H072;H120;H168
ENSG00000102390.10 	H168
ENSG00000148120.14 	H000;H003;H006;H009;H012;H018;H024;H036;H048;H072;H120;H168
ENSG00000250510.7 	H000;H003;H006;H009;H012;H018;H024;H036;H048;H072;H120;H168
ENSG00000127418.14 	H000;H003;H006;H009;H012;H018;H024;H036;H048;H072;H120;H168
ENSG00000141664.9 	H000;H003;H006;H009;H012;H018;H024;H036;H048;H072;H120;H168
ENSG00000174851.14 	H000;H003;H006;H009;H012;H018;H024;H036;H048;H072;H120;H168
ENSG00000277117.4 	H048;H072;H120
ENSG00000076770.14 	H000;H003;H006;H009;H012;H018;H024;H036;H048;H072;H120;H168
ENSG00000176248.8 	H120;H168
ENSG00000157554.18 	H000;H003;H006;H009;H012;H018;H024;H036;H048;H072;H120;H168
ENSG00000088320.3 	H000;H003;H006;H009;H012;H018;H024;H036;H048;H072;H120;H168
ENSG00000070882.12 	H000;H009
ENSG00000269335.5 	H120;H168
ENSG00000154764.5 	H000;H003;H006;H009;H012;H018;H024;H036;H048;H072;H120;H168
ENSG00000148411.7 	H000;H003;H006;H009;H012;H018;H024;H036;H048;H072;H120;H168
ENSG00000076706.14 	H120;H168
ENSG00000138449.10 	H000;H003;H006;H009;H012;H018;H024;H036;H048;H072;H120;H168
ENSG00000106012.17 	H072;H120;H168
ENSG00000121310.16 	H000;H003;H006;H009;H012;H018;H024;H036;H048
ENSG00000086289.11 	H168
ENSG00000170525.18 	H048
ENSG00000162490.6 	H120;H168
ENSG00000101347.8 	H000;H003;H006;H009;H012;H018;H024;H036;H048
ENSG00000111275.12 	H000;H036
ENSG00000158473.6 	H000;H003;H006;H009;H012;H018;H024;H036;H048;H072;H120;H168
ENSG00000119919.10 	H000;H003;H006;H009;H012;H018;H024;H036;H048;H072;H120;H168
ENSG00000188191.14 	H000;H012;H048
ENSG00000250317.8 	H009;H012;H024;H036;H048
ENSG00000184428.12 	H120;H168
ENSG00000122877.13 	H000;H003;H006;H009;H012;H018;H024;H036;H048;H072;H120;H168
ENSG00000103942.12 	H000;H003;H006;H009;H012;H018;H024;H036;H048;H072;H120;H168
ENSG00000197208.5 	H000
ENSG00000167614.13 	H036;H048;H072;H120;H168
ENSG00000178752.15 	H120;H168
ENSG00000187922.13 	H120;H168
ENSG00000129757.12 	H000;H003;H006;H009;H012;H018;H024;H036;H048
ENSG00000176956.12 	H000;H003;H006;H009;H012;H018;H024;H036;H048;H072;H120;H168
ENSG00000132185.16 	H120;H168
ENSG00000108828.15 	H072;H120
ENSG00000140382.14 	H012
ENSG00000149557.12 	H000;H003;H006;H009;H012;H018;H024;H036;H048;H072
ENSG00000138678.10 	H000;H003;H006;H009;H012
ENSG00000092964.16 	H000;H003;H006;H009;H012;H018;H024;H036;H048;H072;H120;H168
ENSG00000101190.12 	H000
ENSG00000125813.13 	H000;H003;H006;H009;H012;H018;H024;H036;H048;H072;H120;H168
ENSG00000111962.7 	H000;H003;H009;H024;H048
ENSG00000101210.10 	H009;H048;H072;H120;H168
ENSG00000155229.20 	H000;H003;H006;H009;H012;H018;H024;H036;H048;H072;H120
ENSG00000183696.13 	H000;H003;H006;H009;H012;H018;H024;H036
ENSG00000165392.9 	H120;H168
ENSG00000168813.16 	H072;H120;H168
ENSG00000174740.7 	H000
ENSG00000151948.11 	H048;H072;H120;H168
ENSG00000145685.13 	H000;H003;H006;H009;H012;H018;H024;H036;H048;H072
ENSG00000114631.10 	H048;H072;H120
ENSG00000176774.5 	H000;H048
ENSG00000196781.13 	H048;H072;H120;H168
ENSG00000137504.13 	H000;H003;H006;H009;H012;H018;H024;H036;H048;H072;H120;H168
ENSG00000277443.1 	H000;H003;H006;H009;H012;H018;H024;H036;H048;H072
ENSG00000175895.3 	H000;H003;H006;H009;H012;H018;H024;H036;H048;H072;H120;H168
ENSG00000269096.6 	H000;H006;H012;H024;H048;H072;H120;H168
ENSG00000198964.13 	H000;H003;H006;H009;H012;H018;H024;H036;H048
ENSG00000123407.3 	H000;H003;H006;H009;H012;H018;H024;H036;H048;H072;H120;H168
ENSG00000076984.17 	H120
ENSG00000185684.12 	H072;H120;H168
ENSG00000268350.7 	H000;H003;H006;H009;H012;H024;H036;H048;H072;H120;H168
ENSG00000246705.4 	H000;H003;H006;H009;H012;H018;H024;H036;H048;H072;H120
ENSG00000144724.18 	H000;H003;H006;H009;H012;H018;H024;H036;H048;H072;H120;H168
ENSG00000104976.11 	H000;H003;H006;H009;H012;H018;H024;H036;H048;H072;H120;H168
ENSG00000087116.13 	H000;H003;H006;H009;H012;H018;H024;H036;H048;H072;H120;H168
ENSG00000187773.8 	H072;H120;H168
ENSG00000163714.17 	H000;H003;H006;H009;H012;H018;H024;H036;H048;H072;H120;H168
ENSG00000125084.11 	H000;H003;H006;H009;H012;H018;H024;H036;H048;H072;H120;H168
ENSG00000172831.11 	H000;H003;H006;H009;H012;H024;H036;H048
ENSG00000147604.13 	H000;H003;H006;H009;H012;H018;H024;H036;H048;H072;H120;H168
ENSG00000120833.13 	H000;H003;H006;H009;H012;H018;H024;H036;H048;H072;H120;H168
ENSG00000153094.21 	H000;H003;H006;H009;H012;H018;H024;H036;H048;H072;H120;H168
ENSG00000133131.14 	H000;H012;H024;H036;H048;H120;H168
ENSG00000268089.2 	H000;H009;H012;H024;H036;H048;H072;H120;H168
ENSG00000115414.18 	H000;H003;H006;H009;H012;H018;H024;H036;H048
ENSG00000127588.4 	H000;H003;H006;H009;H012;H018;H024;H036;H048;H072;H120;H168
ENSG00000100142.14 	H000;H003;H006;H009;H012;H018;H024;H036;H048;H072;H120;H168
ENSG00000160216.18 	H000;H003;H006;H009;H012;H018;H024;H036;H048;H072;H120;H168
ENSG00000123388.4 	H000;H003;H006;H009;H012;H018;H024;H036;H048;H072;H120;H168
ENSG00000102032.12 	H006;H009;H012;H024;H036;H048;H072;H120;H168
ENSG00000100288.19 	H000;H003;H006;H009;H012;H018;H024;H036;H048;H072;H120;H168
ENSG00000177519.3 	H000;H003;H006;H009;H012;H018;H024;H036;H048;H072;H120;H168
ENSG00000042286.14 	H000;H009;H012
ENSG00000164651.16 	H000;H003;H006;H009;H012;H018;H024;H036;H048;H072;H120;H168
ENSG00000145287.10 	H000;H003;H006;H009;H012;H024;H048
ENSG00000187821.8 	H000;H003;H006;H009;H012;H018;H024;H036;H048;H072;H120;H168
ENSG00000185864.16 	H168
ENSG00000118985.15 	H000;H003;H006;H009;H012
ENSG00000166780.10 	H000;H003;H006;H009;H012;H018;H024;H036;H048;H072;H120;H168
ENSG00000165359.14 	H009;H024;H036;H048;H120;H168
ENSG00000005302.17 	H000;H003;H006;H009;H012;H024;H036;H048;H072;H120;H168
ENSG00000123364.4 	H000;H003;H006;H009;H012;H018;H024;H036;H048;H072;H120;H168
ENSG00000261667.1 	H000;H003;H006;H009;H012;H018;H024;H036;H048;H072;H120;H168
ENSG00000116128.9 	H072;H120;H168
ENSG00000007384.15 	H000;H003;H006;H009;H012;H018;H024;H036;H048;H072
ENSG00000107562.16 	H000;H003;H006;H009;H012;H018;H024;H036;H048;H072;H120;H168
ENSG00000198752.10 	H000;H003;H006;H009;H012;H018;H036;H048;H072;H120
ENSG00000037965.5 	H000;H003;H006;H009;H012;H018;H024;H036;H048;H072;H120;H168
ENSG00000187954.12 	H009;H036;H048
ENSG00000175414.6 	H000
ENSG00000186310.9 	H000;H003;H006;H009;H012;H018;H024;H036;H048;H072;H120;H168
ENSG00000124222.21 	H000;H006;H009;H036;H048;H120
ENSG00000159618.15 	H120;H168
ENSG00000119640.8 	H000;H003;H006;H009;H012;H018;H024;H036;H048;H072
ENSG00000094841.13 	H012
ENSG00000167881.14 	H000;H003;H006;H009;H012;H018;H024;H036;H048;H072;H120;H168
ENSG00000157933.9 	H000;H003;H006;H009;H012;H048
ENSG00000157107.13 	H000;H003;H006;H009;H012;H024;H036;H048
ENSG00000111218.11 	H000;H003;H006;H009;H012;H018;H024;H036;H048;H072;H120;H168
ENSG00000172009.14 	H072;H120;H168
ENSG00000049656.13 	H120;H168
ENSG00000156500.14 	H000;H003;H006;H024;H036;H048;H072;H120;H168
ENSG00000071242.11 	H000;H003;H006;H009;H012;H018;H024;H036;H048;H072;H120;H168
ENSG00000068024.16 	H120
ENSG00000128266.8 	H120
ENSG00000172995.16 	H000;H003;H006;H009;H012;H018;H024;H036;H048;H072;H120;H168
ENSG00000196664.4 	H009
ENSG00000135540.11 	H000;H003;H006;H009;H012;H024;H036;H048;H072;H120;H168
ENSG00000165462.5 	H000;H003;H006;H009;H012;H018;H024;H036;H048;H072;H120;H168
ENSG00000177697.17 	H000;H003;H006;H009;H012;H018;H024;H036;H048;H072;H120;H168
ENSG00000063660.8 	H000;H003;H006;H009;H012;H018;H024;H036;H048;H072;H120;H168
ENSG00000167840.13 	H000;H003;H006;H009;H012;H024;H036;H048;H072;H120;H168
ENSG00000114812.12 	H000;H003;H006;H009;H012;H018;H024;H036;H048;H072;H120;H168
ENSG00000018510.12 	H000
ENSG00000103528.16 	H048
ENSG00000145358.6 	H000;H003;H006;H009;H012;H018;H024;H036;H048;H072;H120;H168
ENSG00000166426.7 	H000;H003;H006;H009;H012;H018;H024;H036;H048;H072;H120;H168
ENSG00000166825.13 	H000;H006;H009;H012;H018;H024;H036;H048;H072
ENSG00000112699.10 	H000;H003;H006;H009;H012;H018;H024;H036;H048;H072;H120;H168
ENSG00000145569.5 	H000;H003;H006;H009;H012;H018;H024;H036;H048;H072;H120;H168
ENSG00000069849.10 	H003;H009;H012;H036;H048
ENSG00000083750.12 	H006;H048;H120
ENSG00000082438.15 	H000;H003;H006;H009;H012;H018;H024;H036;H048;H072;H120;H168
ENSG00000110274.14 	H000;H003;H006;H009;H012;H018;H024;H036;H048
ENSG00000100292.16 	H000;H003;H006;H009;H012;H018;H024;H036;H048
ENSG00000186448.14 	H000;H003;H006;H009;H012;H036;H048;H072
ENSG00000105711.10 	H000;H003;H006;H009;H012;H018;H024;H036;H048
ENSG00000165801.9 	H000;H003;H006;H009;H012;H018;H024;H036;H048;H072
ENSG00000260548.1 	H000;H003;H006;H009;H012;H036;H048;H072;H120;H168
ENSG00000114115.9 	H000;H009;H036;H048;H072;H120;H168
ENSG00000186522.14 	H000;H003;H006;H009;H012;H018;H024;H036;H048;H072;H120;H168
ENSG00000113552.15 	H000;H006;H009;H012;H018;H024;H036;H048;H072
ENSG00000163697.16 	H003;H012;H018
ENSG00000181885.18 	H000;H003;H006;H009;H012;H018;H024;H036;H048;H072;H120;H168
ENSG00000130830.14 	H000;H168
ENSG00000187243.16 	H120;H168
ENSG00000196914.8 	H003;H006;H009;H012;H018;H024;H036;H048;H072;H120;H168
ENSG00000187535.13 	H000;H003;H006;H009;H012;H018;H024;H036;H048;H072;H120;H168
ENSG00000172380.5 	H000;H003;H006;H009;H012;H018;H024;H036;H048;H072
ENSG00000189058.8 	H120;H168
ENSG00000117643.14 	H000;H003;H006;H009;H012;H018;H024;H036;H048;H072;H120;H168
ENSG00000119673.14 	H000;H003;H006;H009;H012;H018;H024;H036;H048;H072;H120;H168
ENSG00000156504.16 	H012;H072
ENSG00000140968.10 	H000;H003;H006;H009;H012;H018;H024;H036;H048;H072
ENSG00000182108.9 	H009
ENSG00000101444.12 	H000;H003;H006;H009;H012;H018;H024;H036;H048;H072;H120;H168
ENSG00000110696.9 	H000;H003;H006;H009;H012;H018;H024;H036;H048;H072;H120;H168
ENSG00000165195.14 	H000;H003;H006;H009;H024;H036;H048;H072;H120;H168
ENSG00000158717.10 	H000;H003;H006;H009;H012
ENSG00000166159.10 	H072;H120;H168
ENSG00000177283.5 	H000;H006;H012;H018;H024;H036;H048
ENSG00000165752.16 	H000;H003;H006;H009;H012;H018;H024;H036;H048;H072;H120;H168
ENSG00000121900.18 	H000;H003;H009;H012;H048;H072;H120;H168
ENSG00000196557.10 	H000;H003;H006;H009;H012;H018;H024;H036;H048;H072;H120;H168
ENSG00000152784.15 	H000;H003;H006;H009;H012;H018;H024;H036;H048;H120
ENSG00000141447.16 	H000;H003;H006;H009;H012;H018;H024;H036;H048;H072;H120;H168
ENSG00000099814.15 	H000;H003;H006;H009;H012;H018;H024;H036;H048;H072;H120;H168
ENSG00000075240.16 	H072;H120;H168
ENSG00000006042.11 	H000;H003;H006;H009;H012;H018;H024;H036;H048;H072;H120;H168
ENSG00000083812.11 	H000;H003;H006;H009;H012;H024;H048
ENSG00000141499.16 	H000;H003;H006;H009;H012;H018;H024;H036;H048;H072;H120;H168
ENSG00000159685.10 	H120;H168
ENSG00000112394.16 	H000;H003;H006;H009;H012;H018;H024;H036;H048;H072;H120
ENSG00000078401.6 	H000;H003;H006;H009;H012;H018;H024;H036;H048;H072;H168
ENSG00000092445.11 	H000;H009;H012;H024;H048
ENSG00000164325.7 	H120;H168
ENSG00000132334.16 	H000;H003;H006;H009;H012;H018;H024;H036;H048
ENSG00000072071.16 	H000;H003;H006;H009;H012;H018;H024;H036;H048;H072;H120;H168
ENSG00000128567.16 	H120;H168
ENSG00000139567.12 	H000;H003;H006;H009;H012;H018;H024;H036;H048;H072;H120;H168
ENSG00000167123.18 	H000;H003;H006;H009;H012;H018;H024;H036;H048;H072;H120;H168
ENSG00000159733.13 	H000;H003;H006;H009;H012;H018;H024;H036;H048;H072;H120;H168
ENSG00000107281.9 	H000;H003;H006;H009;H012;H018;H024;H036;H048;H072;H120;H168
ENSG00000184060.10 	H000;H003;H006;H009;H012;H018;H024;H036;H048;H072;H120;H168
ENSG00000181396.12 	H120;H168
ENSG00000072195.14 	H000;H003;H006;H009;H012;H018;H024;H036;H048;H072;H120;H168
ENSG00000161542.16 	H000;H003;H006;H009;H012;H018;H024;H036;H048;H072;H120;H168
ENSG00000196767.6 	H000;H009;H012;H024;H036;H048;H120
ENSG00000102755.10 	H000;H003;H006;H009;H012;H018;H024;H036;H048;H072;H120;H168
ENSG00000165661.15 	H120;H168
ENSG00000204642.13 	H000;H003;H006;H009;H012;H018;H024;H036;H048;H072;H120
ENSG00000146540.14 	H000;H003;H009;H012;H048;H072;H120
ENSG00000197712.11 	H000;H003;H006;H009;H012;H018;H024;H036;H048;H072
ENSG00000145934.15 	H120
ENSG00000015171.18 	H072;H120;H168
ENSG00000176463.13 	H003;H009;H012
ENSG00000086300.15 	H003;H009;H018;H024;H120;H168
ENSG00000274588.1 	H120
ENSG00000100985.7 	H000;H003;H006;H009;H012;H018;H024;H036;H048;H072
ENSG00000144476.5 	H000;H003;H006;H009;H012;H018;H024;H036;H048;H072;H120;H168
ENSG00000196570.2 	H000;H003;H006;H009;H012;H018;H024;H036;H048;H072;H120;H168
ENSG00000127586.16 	H000;H003;H006;H009;H012;H018;H024;H036;H048;H072;H120;H168
ENSG00000100473.15 	H072;H120;H168
ENSG00000184384.13 	H000;H003;H009;H012;H018;H024;H048
ENSG00000163785.12 	H036;H048
ENSG00000102024.17 	H000;H003;H006;H009;H012;H018;H024;H036;H048;H072;H120;H168
ENSG00000145632.14 	H003;H006;H009;H024;H048
ENSG00000110042.7 	H000;H006;H009;H012;H024;H036;H048
ENSG00000188153.12 	H000;H003;H006;H009;H012;H018;H036;H048;H072;H120;H168
ENSG00000129116.17 	H000;H003;H006;H009;H012;H018;H024;H036;H048;H072;H120;H168
ENSG00000136404.15 	H000;H003;H006;H009;H012;H018;H024;H036;H048
ENSG00000197635.9 	H000;H003;H006;H009;H012;H018;H024;H036;H048;H072;H120;H168
ENSG00000260027.4 	H000;H003;H006;H009;H012;H018;H024;H036;H048;H072;H120;H168
ENSG00000125144.13 	H000;H003;H006;H009;H012;H018;H024;H036;H048;H072;H120;H168
ENSG00000141013.14 	H000;H003;H006;H009;H012;H018;H024;H036;H048;H072;H120;H168
ENSG00000154102.10 	H120;H168
ENSG00000105438.8 	H048;H072;H120;H168
ENSG00000131149.17 	H120
ENSG00000162894.11 	H000;H003;H006;H009;H012;H018;H024;H036;H048;H072;H120;H168
ENSG00000180346.3 	H009;H012;H036;H048;H072;H120;H168
ENSG00000165905.16 	H000;H003;H006;H009;H012;H018;H024;H036;H048;H072;H120;H168
ENSG00000185737.12 	H120;H168
ENSG00000175183.9 	H120;H168
ENSG00000198053.11 	H000;H003;H006;H009;H012;H018;H024
ENSG00000063587.13 	H168
ENSG00000115935.16 	H000;H003;H006;H009;H012;H018;H024;H036;H048;H072;H120;H168
ENSG00000170345.9 	H000;H003;H006;H009;H012;H018;H024
ENSG00000163947.11 	H000;H003;H006;H009;H012;H018;H024;H036;H048;H072;H120;H168
ENSG00000163235.15 	H000;H003;H006;H009;H012;H018;H024;H036;H048;H072;H120
ENSG00000186907.7 	H000;H003;H006;H009;H012;H018;H024;H036;H048;H072;H120;H168
ENSG00000180822.11 	H000;H003;H006;H009;H012;H018;H024;H036;H048;H072;H120;H168
ENSG00000027075.13 	H048;H072;H120;H168
ENSG00000101974.14 	H009;H012;H036;H120
ENSG00000187091.13 	H000;H003;H006;H009;H012;H018;H024;H036;H048;H072;H120;H168
ENSG00000100418.7 	H000;H003;H006;H009;H012;H018;H024;H036;H048;H072;H120
ENSG00000065268.10 	H000;H003;H006;H009;H012;H018;H024;H036;H048;H072;H120;H168
ENSG00000075711.20 	H000;H006;H048
ENSG00000166501.12 	H000;H003;H006;H009;H012
ENSG00000135905.18 	H168
ENSG00000133812.14 	H000;H003;H006;H009;H012;H018;H024;H036;H048;H072;H120;H168
ENSG00000198270.12 	H120;H168
ENSG00000130396.20 	H000;H003;H006;H009;H012;H018;H036;H048;H072;H120;H168
ENSG00000173264.13 	H000;H003;H006;H009;H012;H018;H024;H036;H048;H072;H120;H168
ENSG00000175592.8 	H000;H003;H006;H009;H012;H018;H024;H036;H048;H072
ENSG00000168528.11 	H000;H003;H006;H009;H012;H018;H024;H036;H048;H072;H120;H168
ENSG00000103254.9 	H120;H168
ENSG00000148175.12 	H000;H003;H006;H009;H012;H018;H024;H036;H048;H072;H120;H168
ENSG00000023191.16 	H000;H003;H006;H009;H012;H018;H024;H036;H048;H072;H120
ENSG00000101928.12 	H009;H036
ENSG00000104689.9 	H000;H003;H006;H009;H012;H018;H024;H036;H048;H072
ENSG00000102030.15 	H009;H036;H048;H072;H120;H168
ENSG00000132670.20 	H000;H003;H006;H009;H018;H036;H048;H072
ENSG00000174738.12 	H000;H003;H006;H009;H012;H024;H036;H048;H072
ENSG00000128487.16 	H000;H003;H006;H009;H012;H018;H024;H036;H048;H072
ENSG00000124181.14 	H048;H120;H168
ENSG00000181790.10 	H000;H003;H006;H009;H012;H018;H024;H036;H048;H072;H120;H168
ENSG00000188157.13 	H000;H003;H006;H009;H012;H018;H024;H036;H048;H072;H120;H168
ENSG00000101935.9 	H006;H009;H012;H036;H168
ENSG00000079215.13 	H000;H003;H006;H009;H012;H018;H024;H036;H048
ENSG00000072315.3 	H000;H003;H006;H009;H012;H018;H024;H036;H048;H072;H120;H168
ENSG00000147133.15 	H006;H009;H048;H120
ENSG00000176155.18 	H120;H168
ENSG00000134278.14 	H000;H003;H006;H009;H012;H018;H024;H036;H048;H072;H120;H168
ENSG00000120068.6 	H000;H003;H006;H009;H012;H018;H024;H036;H048;H072;H120;H168
ENSG00000162512.15 	H000;H003;H006;H009;H012;H018;H024;H036;H048;H072;H120;H168
ENSG00000105186.14 	H000;H003;H006;H009;H012;H018;H024;H036;H048;H072;H120;H168
ENSG00000138670.16 	H000;H003;H006;H009;H012;H018;H024;H036;H048;H072;H120;H168
ENSG00000158109.14 	H000;H003;H006;H009;H012;H024;H036;H048;H072
ENSG00000064763.10 	H120;H168
ENSG00000171853.15 	H000;H003;H006;H009;H012;H024;H036;H048;H120;H168
ENSG00000102034.16 	H000;H003;H006;H009;H012;H036;H048;H072;H120;H168
ENSG00000198055.10 	H000;H003;H006;H009;H012;H018;H024;H036;H048;H072;H120;H168
ENSG00000204217.12 	H000;H003;H006;H009;H012;H018;H024;H036;H048;H072;H120
ENSG00000136167.13 	H000;H003;H006;H009;H012;H018;H024;H036;H048;H072;H120;H168
ENSG00000214513.3 	H000;H003;H006;H009;H012;H018;H024;H036;H048;H072;H120;H168
ENSG00000101336.12 	H000
ENSG00000182968.4 	H000;H003;H006;H009;H012;H018;H024;H036;H048;H072;H120;H168
ENSG00000136848.16 	H000;H003;H006;H009;H012;H018;H024;H036;H048;H072;H120;H168
ENSG00000138380.17 	H000;H003;H006;H009;H012;H018;H024;H036;H048;H072;H120
ENSG00000127955.15 	H003;H120;H168
ENSG00000170873.18 	H000;H003;H006;H009;H012;H018;H024;H036;H048;H072;H120;H168
ENSG00000075790.10 	H000;H003;H006;H009;H012;H018;H024;H036;H048;H072;H120
ENSG00000119684.15 	H000;H003;H006;H009;H012;H018;H024;H036;H048;H072;H120;H168
ENSG00000095739.10 	H072;H120;H168
ENSG00000138166.5 	H000;H003;H006;H009;H012;H018;H024;H036;H048;H072
ENSG00000198353.7 	H000;H003;H006;H009;H012;H018;H024;H036;H048;H072;H120;H168
ENSG00000088881.20 	H000;H003;H006;H009;H012;H018;H024;H036;H048;H072;H120;H168
ENSG00000162433.14 	H000;H003;H006;H009;H012;H018;H024;H036;H048;H072;H120;H168
ENSG00000143153.12 	H048;H120
ENSG00000170638.9 	H000;H003;H006;H009;H012;H018;H024;H036;H048;H072
ENSG00000151835.13 	H000;H006;H009;H012;H018;H024;H036;H048;H072;H120;H168
ENSG00000121297.6 	H000;H003;H006;H009;H012;H018;H024;H036;H048;H072;H120;H168
ENSG00000100207.18 	H168
ENSG00000186815.12 	H000;H003;H006;H009;H012;H018;H024;H036;H048
ENSG00000088387.17 	H000;H003;H006;H009;H012;H018;H024;H036;H048;H072;H120;H168
ENSG00000127580.15 	H000;H003;H006;H009;H012;H018;H024;H036;H048;H072;H120;H168
ENSG00000133026.12 	H120;H168
ENSG00000103253.17 	H120;H168
ENSG00000165973.17 	H000;H003;H006;H009;H012;H018;H024;H036;H048;H072;H120;H168
ENSG00000101198.14 	H000;H003;H006;H009;H012;H018;H024;H036;H048;H072;H120;H168
ENSG00000102606.17 	H000;H003;H006;H009;H012;H018;H024;H036;H048;H072;H120;H168
ENSG00000089820.15 	H000;H003;H006;H009;H012;H018;H024;H036;H048;H072;H120;H168
ENSG00000184205.14 	H168
ENSG00000189067.12 	H000
ENSG00000163430.9 	H168
ENSG00000182199.10 	H000;H003;H006;H009;H012;H018;H024;H036;H048;H072;H120;H168
ENSG00000116667.12 	H000;H003;H006;H009;H012;H018;H024;H036;H048;H120
ENSG00000149091.15 	H000;H003;H006;H009;H012;H018;H024;H036;H048;H072;H120;H168
ENSG00000211445.11 	H000
ENSG00000102239.4 	H006;H048;H120;H168
ENSG00000159200.17 	H000;H003;H006;H009;H012;H018;H024;H036;H048;H072;H120
ENSG00000165655.15 	H000;H003;H006;H009;H012;H018;H024;H036;H048;H072;H120;H168
ENSG00000205307.11 	H009;H036;H048;H072;H120;H168
ENSG00000012232.8 	H000;H003;H006;H009;H012;H018;H024;H036;H048;H072;H120;H168
ENSG00000148680.15 	H000;H003;H006;H009;H012;H018;H024;H036;H048;H072;H120
ENSG00000166402.8 	H000;H003;H006;H009;H012;H018;H024;H036;H048;H072;H120;H168
ENSG00000106992.17 	H000;H003;H006;H009;H012;H024;H036;H048;H072;H120;H168
ENSG00000120149.8 	H000;H003;H006;H009;H012;H018;H024;H036;H048;H072;H120;H168
ENSG00000174600.13 	H000;H003;H006;H009;H012;H018;H024;H036;H048;H072;H120
ENSG00000137275.13 	H000;H003;H006;H009;H012;H024;H036;H048;H072
ENSG00000126882.12 	H000;H003;H006;H009;H012;H018;H024;H036;H048;H072
ENSG00000147883.10 	H000;H003;H006;H009;H012;H018;H024;H036;H048;H072;H120;H168
ENSG00000081087.14 	H000;H003;H006;H009;H012;H018;H024;H036;H048;H072;H120;H168
ENSG00000188070.9 	H000;H003;H006;H009;H012;H018;H024;H036;H048;H072;H120;H168
ENSG00000155495.8 	H000;H003;H006;H009;H012;H024;H036;H048;H072;H120;H168
ENSG00000266094.6 	H048;H072;H120;H168
ENSG00000277258.4 	H000;H003;H006;H009;H012;H018;H024;H036;H048;H072;H120;H168
ENSG00000169427.6 	H000;H003;H006;H009;H012;H018;H024;H036;H048;H072;H120;H168
ENSG00000129993.14 	H000;H003;H006;H009;H012;H018;H024;H036;H048;H072;H120;H168
ENSG00000131242.15 	H048;H072;H120;H168
ENSG00000104043.14 	H120;H168
ENSG00000144485.10 	H048;H072;H120;H168
ENSG00000033627.14 	H000;H003;H006;H009;H012;H024
ENSG00000036448.9 	H036;H048;H072;H120;H168
ENSG00000088367.20 	H000;H003;H006;H009;H012;H018;H024;H036;H048;H072;H120;H168
ENSG00000182621.16 	H048;H072;H120;H168
ENSG00000162040.6 	H000;H003;H006;H009;H012;H018;H024;H036;H048;H072;H120;H168
ENSG00000275700.4 	H000;H003;H006;H009;H012;H018;H024;H036;H048;H072;H120;H168
ENSG00000129680.15 	H000;H003;H006;H009;H012;H018;H024;H036;H048;H072;H120;H168
ENSG00000143776.18 	H009;H048
ENSG00000170542.5 	H000;H003;H006;H009;H012;H018;H024;H036;H048;H072;H120
ENSG00000155918.7 	H000;H003;H006;H009;H012;H018;H024;H036;H048;H072;H120;H168
ENSG00000123415.15 	H000;H003;H006;H009;H012;H018;H024;H036;H048;H072;H120;H168
ENSG00000127528.5 	H000;H003;H006;H009;H012
ENSG00000006377.10 	H000;H003;H006;H009;H012;H018;H024;H036;H048;H072;H120;H168
ENSG00000159267.14 	H000;H003;H006;H009;H012;H018;H024;H036;H048;H120;H168
ENSG00000128602.9 	H000;H048;H120;H168
ENSG00000140519.12 	H000;H003;H006;H009;H012;H018;H024;H036;H048;H072;H120
ENSG00000184185.9 	H048;H072;H120;H168
ENSG00000053918.15 	H009;H012;H036;H048
ENSG00000203952.9 	H000;H003;H006;H009;H012;H018;H024;H036;H048;H072;H120;H168
ENSG00000198910.12 	H000;H003;H006;H009;H012;H018;H024;H036;H048;H072;H120;H168
ENSG00000163935.13 	H012;H048;H072
ENSG00000178928.8 	H000;H003;H009;H048
ENSG00000135919.12 	H168
ENSG00000164674.15 	H000;H003;H006;H009;H012;H018;H024;H036;H048
ENSG00000072832.14 	H000;H003;H006;H009;H012;H018;H024;H036;H048;H072;H120;H168
ENSG00000181284.2 	H000;H003;H006;H009;H012;H018;H024;H036;H048;H072
ENSG00000197653.14 	H000;H003;H006;H012;H024;H036;H048;H072;H120;H168
ENSG00000110400.10 	H036;H048;H072;H120;H168
ENSG00000129474.15 	H000;H003;H006;H009;H012;H018;H024;H036;H048;H072;H120;H168
ENSG00000172534.13 	H009;H048;H072;H120;H168
ENSG00000109787.12 	H000;H003;H006;H009;H012;H018;H024;H036;H048;H072;H120
ENSG00000071246.10 	H000;H003;H006;H009;H012;H018;H036;H048
ENSG00000125744.11 	H000;H003;H006;H009;H012;H018;H024;H036;H048;H072;H120;H168
ENSG00000107859.9 	H000;H003;H006;H009;H012;H018;H024;H036;H048;H072;H120;H168
ENSG00000168283.13 	H000;H003;H006;H009;H012;H018;H024;H036;H048;H072;H120;H168
ENSG00000121410.11 	H120;H168
ENSG00000164056.10 	H006;H009;H012;H024;H036;H048;H072;H120;H168
ENSG00000124486.12 	H006;H009;H012;H036;H048
ENSG00000110492.15 	H120;H168
ENSG00000100116.16 	H000;H003;H006;H009;H012;H018;H024;H036;H048;H072;H120;H168
ENSG00000154310.16 	H012;H018;H024;H036;H048;H072;H120;H168
ENSG00000181929.11 	H168
ENSG00000187957.7 	H000;H003;H006;H009;H012;H018;H024;H036;H048;H072;H120;H168
ENSG00000101916.11 	H168
ENSG00000170558.8 	H120;H168
ENSG00000094914.12 	H000;H003;H012;H024;H036;H048;H072;H120;H168
ENSG00000110429.13 	H003
ENSG00000281273.1 	H000;H003;H006;H009;H012;H018;H024;H036;H048;H072;H120;H168
ENSG00000164574.15 	H009;H036;H048;H072;H120
ENSG00000144560.13 	H000;H003;H006;H009;H012;H018;H024;H036;H048;H072;H120
ENSG00000185347.17 	H000;H003;H006;H009;H012;H018;H024;H048
ENSG00000177666.15 	H000;H003;H006;H009;H018;H036;H072;H120;H168
ENSG00000132205.10 	H000;H003;H006;H009;H012;H018;H024;H036;H048;H072
ENSG00000092068.18 	H000;H003;H006;H009;H012;H018;H024;H036;H048;H072;H120;H168
ENSG00000187479.5 	H000;H003;H006;H009;H012;H018;H024;H036;H048;H072;H120;H168
ENSG00000140416.19 	H000;H003;H006;H009;H012;H018;H024;H036;H048;H072;H120;H168
ENSG00000204363.4 	H000;H003;H006;H009;H012;H024;H036;H072;H120;H168
ENSG00000115825.9 	H000;H003;H006;H009;H012;H018;H024;H036;H048;H072;H120;H168
ENSG00000204979.7 	H168
ENSG00000138646.8 	H000;H003;H006;H009;H012;H018;H024;H036;H048;H072;H120;H168
ENSG00000180891.12 	H000;H003;H006;H009;H012;H018;H024;H036;H048;H072;H120
ENSG00000100599.15 	H000;H006;H009;H012
ENSG00000187147.17 	H000;H003;H006;H009;H012;H018;H024;H036;H048;H072;H120;H168
ENSG00000166897.14 	H000;H003;H006;H009;H012;H018;H024;H036;H048;H072;H120;H168
ENSG00000133101.9 	H000;H003;H006;H009;H012;H018;H024;H036;H048;H072;H120;H168
ENSG00000111885.6 	H000;H003;H006;H009;H012;H018;H024;H036;H048;H072;H120;H168
ENSG00000130385.5 	H009;H168
ENSG00000117877.10 	H000;H003;H006;H009;H012;H018;H024;H036;H048;H072;H120;H168
ENSG00000197093.10 	H000;H003;H006;H009;H012;H018;H024;H036;H048;H120
ENSG00000184588.17 	H000;H003;H006;H009;H012;H024
ENSG00000137135.17 	H000;H003;H006;H009;H012;H018;H024;H036;H048;H072;H120;H168
ENSG00000120937.8 	H012;H048;H120;H168
ENSG00000064666.14 	H000;H003;H006;H009;H012;H018;H024;H036;H048;H072;H120
ENSG00000229637.3 	H000;H003;H006;H009;H012;H018;H024;H036;H048;H072;H120;H168
ENSG00000147164.11 	H012;H120
ENSG00000135709.12 	H000;H003;H006;H009;H012;H018
ENSG00000003147.17 	H000;H003;H006;H009;H012;H018;H024;H036;H048;H072
ENSG00000105810.9 	H000;H003;H006;H009;H012;H018;H024;H036;H048;H072;H120;H168
ENSG00000157483.8 	H000;H003;H006;H009;H012;H018;H024;H036;H048;H072;H120;H168
ENSG00000021762.19 	H120;H168
ENSG00000128713.12 	H000;H003;H006;H009;H012;H018;H024;H036;H048;H072;H120;H168
ENSG00000185960.13 	H000;H003;H006;H009;H012;H018;H024;H036;H048;H072;H120;H168
ENSG00000135362.13 	H048
ENSG00000162496.8 	H000;H003;H006;H009;H012;H018;H024;H036;H048;H072;H120
ENSG00000154473.17 	H000;H003;H006;H009;H012;H018;H024;H036;H048;H072;H120;H168
ENSG00000116898.11 	H120
ENSG00000073417.14 	H000;H003;H006;H009;H012;H018;H024;H036;H048;H072;H120;H168
ENSG00000170791.17 	H000;H003;H006;H009;H012;H018;H024;H036;H048;H072;H120;H168
ENSG00000160223.16 	H036;H048;H072;H120;H168
ENSG00000101331.15 	H000;H003;H006;H009;H012;H018;H024;H036;H048;H072;H120
ENSG00000132199.18 	H000;H003;H009;H012;H018;H024;H048
ENSG00000151640.12 	H120;H168
ENSG00000182963.9 	H000;H003;H006;H009;H012;H018;H024;H036;H048;H072;H120;H168
ENSG00000162772.16 	H000;H003;H006;H009;H012;H018;H024;H036;H048;H072;H120;H168
ENSG00000187961.13 	H036;H048
ENSG00000006327.13 	H012
ENSG00000197535.14 	H000;H003;H006;H009;H036;H048;H072;H120;H168
ENSG00000138135.6 	H000;H003;H006;H009;H012;H018;H024;H036;H048;H072
ENSG00000182240.15 	H003;H009;H012;H036;H048;H072
ENSG00000122121.10 	H000;H009;H120
ENSG00000196460.12 	H000;H003;H006;H009;H012;H168
ENSG00000184221.12 	H000;H003;H006;H009;H012;H018;H024;H036;H048;H072;H120;H168
ENSG00000185436.11 	H009
ENSG00000136720.6 	H120
ENSG00000013573.16 	H048
ENSG00000150867.13 	H006;H009;H012;H036;H048
ENSG00000005844.17 	H000;H003;H006;H009;H012;H018;H024;H036;H048
ENSG00000114948.12 	H000;H003;H006;H009;H012;H018;H024;H036;H048;H072;H120;H168
ENSG00000173110.7 	H003;H006;H009;H024;H036;H048;H072;H120;H168
ENSG00000042493.15 	H000;H012;H036;H048
ENSG00000159640.15 	H000;H003;H006;H009;H012;H024;H036;H048
ENSG00000158186.12 	H000;H003;H006;H009;H012;H018;H024;H036;H048;H072;H120
ENSG00000273604.1 	H000;H003;H006;H009;H012;H018;H024;H036;H048;H072;H120;H168
ENSG00000096092.5 	H120;H168
ENSG00000100307.12 	H000;H003;H006;H009;H012;H018;H024;H036;H048;H072;H120;H168
ENSG00000179388.8 	H000;H003;H006;H009;H012;H018;H024;H036;H048;H072;H120;H168
ENSG00000010610.9 	H000;H003;H006;H009;H012;H018;H024;H036;H048;H072;H120;H168
ENSG00000135390.17 	H000;H003;H006;H009;H012;H018;H024;H036;H048;H072;H120;H168
ENSG00000151692.14 	H168
ENSG00000169251.12 	H000;H003;H006;H009;H012;H018;H024;H036;H048;H072;H120;H168
ENSG00000140320.11 	H168
ENSG00000179083.6 	H000;H003;H006;H009;H012;H018;H024;H036;H048;H072;H120;H168
ENSG00000088992.17 	H000;H003;H006;H009;H012;H018;H024;H036;H048;H072;H120;H168
ENSG00000110987.8 	H120
ENSG00000101188.4 	H000;H003;H006;H009;H012;H018;H024;H036;H048;H072;H120;H168
ENSG00000162924.13 	H000;H003;H006;H009;H012;H018;H024;H036;H048;H072
ENSG00000178202.12 	H000;H003;H006;H009;H012;H018;H024;H036;H048;H072
ENSG00000280116.1 	H000;H006;H009;H012;H036;H072;H168
ENSG00000149256.14 	H000;H003;H006;H009;H012;H018;H024;H036;H048;H072;H120;H168
ENSG00000115306.15 	H000;H003;H006;H009;H012;H018;H024;H036;H048;H072;H120;H168
ENSG00000164403.14 	H000;H003;H006;H009;H012;H018;H024;H036;H048;H072;H120;H168
ENSG00000168071.21 	H120;H168
ENSG00000166595.11 	H000;H003;H006;H009;H012;H024;H036;H048
ENSG00000205758.11 	H000;H003;H006;H009;H012;H018;H024;H036;H048;H072
ENSG00000183087.14 	H000;H003;H006;H009;H012;H018;H024;H036;H048;H072;H120;H168
ENSG00000089682.16 	H000;H009;H018;H024;H036;H048;H168
ENSG00000164107.8 	H003;H006;H009;H012;H024;H036;H048;H120
ENSG00000170935.6 	H000;H003;H006;H009;H012;H024;H036;H048;H072;H120
ENSG00000184545.10 	H000;H003;H006;H009;H012;H018;H024;H036;H048;H072;H120;H168
ENSG00000101911.12 	H000;H003;H006;H009;H012;H024;H036;H048;H072;H120;H168
ENSG00000116574.5 	H000;H003;H006;H009;H012;H018;H024;H036;H048;H072
ENSG00000155542.11 	H000;H003;H006;H009;H012;H024;H048
ENSG00000049089.13 	H000;H006;H009;H012;H018;H024;H036;H048;H072;H120;H168
ENSG00000196358.10 	H000;H003;H006;H009;H012;H018;H024;H036;H048;H072;H120;H168
ENSG00000273047.1 	H120;H168
ENSG00000123576.5 	H000;H003;H006;H009;H012;H018;H024;H036;H048;H072;H120;H168
ENSG00000167107.12 	H000;H003;H006;H009;H012;H018;H024;H036;H048;H072;H120;H168
ENSG00000185513.14 	H000;H003;H006;H009;H012;H018;H024;H036;H048;H072;H120;H168
ENSG00000117519.15 	H048;H120;H168
ENSG00000167889.12 	H120;H168
ENSG00000154760.13 	H000;H003;H009;H036;H048;H072;H120;H168
ENSG00000181965.5 	H000;H003;H006;H009;H012;H018;H024;H036;H048;H072;H120;H168
ENSG00000174197.16 	H000;H003;H006;H009;H012;H018;H024;H036;H048;H072;H120;H168
ENSG00000185800.11 	H018;H024;H036;H048;H072;H120;H168
ENSG00000166341.7 	H000;H003;H009;H012;H018;H036;H048;H072
ENSG00000130592.13 	H000;H003;H006;H009;H012;H018;H024;H036;H048;H072;H120;H168
ENSG00000017483.14 	H120
ENSG00000242732.4 	H000;H003;H006;H009;H012;H024;H036;H048
ENSG00000120594.16 	H000;H009
ENSG00000140332.15 	H000;H003;H006;H009;H012;H018;H024;H036;H048;H072;H120;H168
ENSG00000244274.7 	H000;H003;H006;H009;H012;H018;H024;H036;H048;H072;H120;H168
ENSG00000154721.14 	H120;H168
ENSG00000196503.2 	H000;H003;H006;H009;H012;H036;H048;H072;H120;H168
ENSG00000123240.16 	H120
ENSG00000174016.11 	H012
ENSG00000140284.10 	H120;H168
ENSG00000184985.16 	H000;H003;H009;H012;H018;H024;H036;H048;H072;H120;H168
ENSG00000111371.15 	H120;H168
ENSG00000105426.14 	H000;H003;H006;H009;H012;H018;H024;H036;H048;H072;H120;H168
ENSG00000151208.16 	H000;H003;H006;H009;H012;H018;H024;H036;H048;H072;H120;H168
ENSG00000197321.14 	H000;H003;H006;H009;H012;H018;H024;H036;H048;H072;H120;H168
ENSG00000113196.2 	H000;H003;H006;H009;H012;H018;H024;H036;H048;H072;H120;H168
ENSG00000198947.15 	H000;H003;H006;H009;H012;H018;H024;H036;H048;H072;H120;H168
ENSG00000164900.4 	H000;H003;H006;H009;H012;H018;H024;H036;H048;H072;H120;H168
ENSG00000177853.14 	H000;H003;H006;H009;H012;H018;H024;H036;H048;H072;H120;H168
ENSG00000102226.9 	H000;H003;H009;H012;H018;H024;H036;H048;H072;H120;H168
ENSG00000153976.2 	H000;H003;H006;H009;H012;H018;H024;H036;H048;H072;H120;H168
ENSG00000082014.16 	H000;H003;H006;H009;H012;H018;H024;H036;H048;H072;H120;H168
ENSG00000087495.16 	H120;H168
ENSG00000145730.20 	H000;H003;H006;H009;H012;H018;H024;H036;H048;H072
ENSG00000204103.3 	H000;H003;H006;H009;H012;H018;H024;H036;H048;H072;H120;H168
ENSG00000115289.12 	H000;H003;H006;H009;H012;H018;H024;H036;H048;H072;H120;H168
ENSG00000183706.4 	H120
ENSG00000147168.12 	H036;H048
ENSG00000134897.13 	H000;H003;H006;H009;H012;H018;H024;H036;H048;H072;H120;H168
ENSG00000254995.4 	H000;H006;H009;H036;H048;H120
ENSG00000120949.14 	H120;H168
ENSG00000189169.7 	H048;H120;H168
ENSG00000147364.16 	H000;H009;H012;H024;H036;H048
ENSG00000146433.8 	H009;H012;H048
ENSG00000142794.18 	H000;H003;H006;H009;H012;H018;H024;H036;H048;H072;H120;H168
ENSG00000162009.8 	H000;H003;H006;H009;H012;H018;H024;H036;H048;H072;H120;H168
ENSG00000169242.11 	H000;H003;H006;H009;H012;H018;H024;H036;H048;H072;H120;H168
ENSG00000153779.9 	H009
ENSG00000107872.12 	H000;H003;H006;H009;H012;H018;H024;H036;H048;H072;H120;H168
ENSG00000182197.10 	H000;H003;H006;H009;H012
ENSG00000136828.18 	H120;H168
ENSG00000113742.12 	H000;H003;H006;H009;H012;H018;H024;H036;H048;H072
ENSG00000124313.12 	H000;H003;H006;H009;H012;H018;H024;H036;H048;H072;H120;H168
ENSG00000171467.15 	H000
ENSG00000048740.17 	H000;H003;H006;H009;H012;H018;H024;H036;H048;H072;H120;H168
ENSG00000158457.5 	H000;H003;H006;H009;H012;H018;H024;H036;H048;H072;H120;H168
ENSG00000142156.14 	H000;H003;H006;H009;H012;H018;H024;H036;H048;H072;H120;H168
ENSG00000173120.14 	H000;H003;H006;H009;H012;H018;H024;H036;H048;H072;H120;H168
ENSG00000152969.16 	H000;H003;H006;H009;H012;H018;H024;H036;H048;H072;H120;H168
ENSG00000148444.15 	H000;H003;H006;H009;H012;H018;H024;H036;H048;H072;H120;H168
ENSG00000179195.15 	H024
ENSG00000171405.12 	H009;H018;H120
ENSG00000165886.4 	H000;H003;H006;H009;H012;H018;H024;H036;H048;H072;H120
ENSG00000110324.9 	H000;H003;H006;H009;H012;H018;H024;H036;H048
ENSG00000180758.11 	H120
ENSG00000183751.14 	H000;H003;H006;H009;H012;H018;H024;H036;H048;H072;H120;H168
ENSG00000259132.1 	H000;H003;H006;H009;H012;H018;H024;H036;H048;H072;H120;H168
ENSG00000136205.16 	H000;H003;H006;H009;H012;H018;H024;H036;H048
ENSG00000136859.9 	H120;H168
ENSG00000062038.13 	H000;H003;H006;H009;H012;H018;H024;H036;H048;H072;H120;H168
ENSG00000151136.14 	H000;H003;H006;H009;H012;H018;H024;H036;H048;H120;H168
ENSG00000256463.8 	H000;H003;H006;H009;H012;H018;H024;H036;H048;H072;H120;H168
ENSG00000169255.13 	H000;H003;H006;H009;H012;H018;H024;H036;H048;H072;H120;H168
ENSG00000134590.13 	H000;H003;H006;H009;H012;H018;H024;H036;H048;H072;H120;H168
ENSG00000253710.2 	H000;H003;H006;H009;H012;H018;H024;H036;H048;H072;H120;H168
ENSG00000144749.13 	H120;H168
ENSG00000138640.14 	H009;H012;H036;H048;H072;H120;H168
ENSG00000186642.15 	H000;H003;H006;H009;H012;H018;H024;H036;H048;H072;H120;H168
ENSG00000147526.19 	H000;H003;H006;H009;H012;H018;H024;H036;H048;H072;H120;H168
ENSG00000123095.5 	H000;H003;H006;H009;H012;H018;H024;H036;H048;H072;H120;H168
ENSG00000120235.4 	H168
ENSG00000158555.14 	H000;H003;H006;H009;H012;H018;H024;H036;H048
ENSG00000137726.16 	H000;H003;H006;H009;H012;H018;H024;H036;H048;H072;H120;H168
ENSG00000109851.6 	H000;H003;H006;H009;H012;H018;H024;H036;H048;H072;H120;H168
ENSG00000134588.12 	H024;H036;H048;H120;H168
ENSG00000148400.9 	H120
ENSG00000148926.9 	H000;H003;H006;H009;H012;H018;H024;H036;H048;H072;H120
ENSG00000204231.10 	H000;H003;H009;H012;H018;H036;H048;H072;H120;H168
ENSG00000213853.9 	H000;H003;H006;H009;H012;H018;H024;H036;H048;H072;H120;H168
ENSG00000170989.8 	H000;H003;H009;H024;H036;H048
ENSG00000109099.13 	H000;H003;H006;H009;H012;H018;H024;H036;H048;H072;H120;H168
ENSG00000175182.13 	H120
ENSG00000034053.14 	H120;H168
ENSG00000083799.17 	H000;H003;H006;H009;H012;H024;H036;H048
ENSG00000104419.14 	H000;H003;H006;H009;H012;H024
ENSG00000156804.7 	H000;H003;H006;H009;H012;H018;H024;H036;H048;H072;H120;H168
ENSG00000165704.14 	H000;H003;H006;H009;H036;H048;H120;H168
ENSG00000122585.7 	H000;H003;H006;H009;H012;H018;H024;H036;H048;H072;H120;H168
ENSG00000128710.5 	H000;H003;H006;H009;H012;H018;H024;H036;H048;H072;H120;H168
ENSG00000007237.18 	H009
ENSG00000172613.7 	H000;H003;H006;H009;H012;H018;H024;H036;H048
ENSG00000168769.12 	H009;H012
ENSG00000204960.6 	H120
ENSG00000090975.12 	H000;H003;H006;H009;H012;H018;H024;H036;H048;H072;H120;H168
ENSG00000168118.11 	H000;H003;H006;H009;H012;H018;H024;H036;H048;H072;H120;H168
ENSG00000117115.12 	H000;H006;H009;H012;H018;H024;H036;H048;H072;H120;H168
ENSG00000136297.14 	H000;H003;H006;H009;H012;H018;H024;H036;H048;H072;H120;H168
ENSG00000197530.12 	H000;H003;H006;H009;H012;H018;H024;H036;H048;H072;H120;H168
ENSG00000180053.7 	H000;H003;H006;H009;H012;H018;H024;H036;H048;H072;H120;H168
ENSG00000182183.14 	H120;H168
ENSG00000176788.8 	H048;H072
ENSG00000268940.5 	H000;H006;H009;H024;H036;H048;H072;H120;H168
ENSG00000110237.3 	H000;H003;H006;H009;H012;H018;H024;H036;H048;H072;H120;H168
ENSG00000073350.13 	H048;H120
ENSG00000186716.19 	H120
ENSG00000170745.11 	H168
ENSG00000158023.9 	H168
ENSG00000186318.16 	H000;H003;H006;H009;H012;H018;H024;H036;H048
ENSG00000133612.18 	H048
ENSG00000185630.18 	H000;H003;H006;H009;H012;H018;H024;H036;H048;H072;H120;H168
ENSG00000008283.15 	H000;H003;H006;H009;H012;H018;H024;H036;H048
ENSG00000204019.4 	H009;H120;H168
ENSG00000173482.16 	H000;H003;H006;H009;H012;H018;H024;H036;H048;H072;H120;H168
ENSG00000131981.15 	H000;H003;H006;H009;H012;H018;H024;H036;H048;H072;H120;H168
ENSG00000159842.14 	H000;H003;H006;H009;H012;H018;H024;H036;H048;H072
ENSG00000166086.12 	H000;H003;H006;H009;H012;H018;H024;H036;H048;H072;H120;H168
ENSG00000198515.13 	H120;H168
ENSG00000196700.7 	H000;H003;H006;H009;H012;H018;H024;H036;H048;H072;H120;H168
ENSG00000128805.14 	H000;H003;H006;H009;H012;H018;H024;H036;H048;H072;H120;H168
ENSG00000165675.16 	H048;H120
ENSG00000134871.17 	H000;H003;H006;H009;H012;H018;H024;H036;H048;H072;H120;H168
ENSG00000151491.12 	H000;H003;H006;H009;H012;H018;H024;H036;H048;H072
ENSG00000282881.1 	H000;H003;H006;H009;H012;H018;H024;H036;H048;H072;H120;H168
ENSG00000182871.14 	H000;H003;H006;H009;H012;H018;H024;H036;H048;H072;H120;H168
ENSG00000179636.14 	H120
ENSG00000001617.11 	H120;H168
ENSG00000116171.16 	H000;H003;H006;H009;H012;H018;H024;H036;H048
ENSG00000256514.1 	H000;H003;H006;H009;H012;H018;H024;H036;H048
ENSG00000106605.10 	H000;H003;H006;H009;H012;H018;H024;H036;H048;H072;H120
ENSG00000185920.15 	H000;H006;H009;H012;H018;H024;H036;H048;H072;H120;H168
ENSG00000156299.12 	H000;H003;H006;H009;H012;H018;H024;H036;H048;H072;H120;H168
ENSG00000163694.14 	H000;H003;H006;H009;H012;H018;H024;H036;H048;H072;H120
ENSG00000153250.17 	H000;H003;H006;H009;H012;H018;H024;H036;H048;H072;H120;H168
ENSG00000197063.10 	H000;H012;H036;H048;H120;H168
ENSG00000196562.14 	H000;H003;H006;H009;H012;H018;H024;H036;H048;H072;H120;H168
ENSG00000126878.12 	H000;H003;H006;H009;H012;H018;H024;H036;H048;H072;H120;H168
ENSG00000165821.11 	H000;H003;H006;H009;H012;H018;H024;H036;H048;H072;H120;H168
ENSG00000136883.12 	H120;H168
ENSG00000137449.15 	H000;H003;H006;H009;H012;H018;H024;H036;H048;H072
ENSG00000115738.9 	H000;H003;H006;H009;H012;H018;H024;H036;H048;H072;H120;H168
ENSG00000074416.13 	H000;H003;H006;H009;H012;H018;H024;H036;H048;H072;H120;H168
ENSG00000139266.5 	H000;H003;H006;H009;H012;H018;H024;H036;H048;H072;H120
ENSG00000119242.8 	H024
ENSG00000141564.13 	H000;H003;H006;H009;H012;H024;H036;H048;H072;H120;H168
ENSG00000128652.11 	H000;H003;H006;H009;H012;H018;H024;H036;H048;H072;H120;H168
ENSG00000104714.13 	H000;H003;H006;H009;H012;H018;H024;H036;H048;H072;H120;H168
ENSG00000173898.11 	H048;H072;H120;H168
ENSG00000114541.14 	H000;H003;H006;H009;H012;H018;H024;H036;H048
ENSG00000157601.13 	H003;H006;H009;H012;H018;H024;H036;H048;H072;H120;H168
ENSG00000157823.16 	H036
ENSG00000162004.16 	H120;H168
ENSG00000188522.14 	H000;H003;H006;H009;H012;H018;H024;H036;H048;H072;H120
ENSG00000149564.11 	H072;H120;H168
ENSG00000204131.8 	H000;H003;H006;H009;H012;H024;H036;H048;H072;H120;H168
ENSG00000129173.12 	H120;H168
ENSG00000186895.2 	H000;H003;H006;H009;H012;H018;H024;H036;H048;H072;H120;H168
ENSG00000269897.5 	H000;H003;H006;H009;H012;H018;H024;H036;H048;H072;H120;H168
ENSG00000111424.10 	H000;H003;H006;H009;H012;H018;H024;H036;H048;H072;H120;H168
ENSG00000169057.19 	H000;H003;H006;H009;H012;H018;H024;H036;H048;H072;H120;H168
ENSG00000182287.13 	H000;H003;H006;H009;H012;H018;H024;H036;H048;H072;H120;H168
ENSG00000110680.12 	H000;H003;H006;H009;H012;H018;H024;H036;H048;H072;H120;H168
ENSG00000164532.10 	H000;H003;H006;H009;H012;H018;H024;H036;H048;H072;H120
ENSG00000135083.14 	H000;H003;H006;H009;H012;H018;H024;H036;H048;H072;H120
ENSG00000140948.11 	H120;H168
ENSG00000161835.10 	H000;H003;H006;H009;H012
ENSG00000107518.16 	H000;H003;H006;H009;H012;H018;H024;H036;H048;H072;H120;H168
ENSG00000134955.11 	H000;H003;H006;H009;H012;H018;H024;H036;H048;H072
ENSG00000198157.10 	H000;H006;H048
ENSG00000101004.14 	H000;H003;H006;H009;H012;H018;H024;H036;H048;H072;H120;H168
ENSG00000145911.5 	H120;H168
ENSG00000137642.12 	H000;H003;H006;H009;H012;H018;H024;H036;H048;H072;H120;H168
ENSG00000168487.17 	H000;H003;H006;H009;H012;H018;H024;H036;H048;H072;H120;H168
ENSG00000204176.13 	H000;H003;H006;H009;H012;H018;H024;H036;H048;H072;H120;H168
ENSG00000168671.9 	H168
ENSG00000268988.1 	H003;H048;H072
ENSG00000111321.10 	H000;H003;H006;H009;H012;H018;H024
ENSG00000116014.9 	H000;H003;H006;H009;H012;H018;H024;H036;H048;H072;H120;H168
ENSG00000182916.7 	H000;H003;H006;H009;H012;H018;H024;H036;H048;H072;H120;H168
ENSG00000111961.16 	H000;H003;H006;H009;H012;H018;H024;H036;H048;H072;H120
ENSG00000116016.13 	H000;H003;H006;H009;H012;H018;H024;H036;H048;H072;H120;H168
ENSG00000141837.18 	H000;H003;H006;H009;H012;H018;H024;H036;H048;H072;H120;H168
ENSG00000125726.10 	H000;H003;H006;H009;H012;H018;H024;H036;H048;H072;H120;H168
ENSG00000006118.14 	H000;H003;H006;H009;H012;H018;H024;H036;H048;H072;H120;H168
ENSG00000143845.14 	H120;H168
ENSG00000086712.12 	H120
ENSG00000147789.15 	H009
ENSG00000099250.17 	H000;H003;H006;H009;H012;H018;H024;H036;H048;H072
ENSG00000188483.7 	H000;H003;H006;H009;H012;H018;H024;H036;H048
ENSG00000143847.15 	H000;H009;H072;H120
ENSG00000129038.15 	H000;H003;H006;H009;H012;H018;H024;H036;H048;H072;H120;H168
ENSG00000185046.18 	H000;H003;H006;H009;H012;H018;H024;H036;H048;H072;H120;H168
ENSG00000213145.9 	H000;H003;H006;H009;H012;H018;H024;H036;H048;H072;H120;H168
ENSG00000152503.9 	H000;H003;H006;H009;H012;H018;H024;H036;H048;H072;H120;H168
ENSG00000130702.13 	H000;H048;H072;H120;H168
ENSG00000167081.16 	H000;H003;H006;H009;H012;H018;H024;H036;H048;H072;H120;H168
ENSG00000177106.14 	H000;H003;H006;H009;H012;H018;H024;H036;H048;H072;H120;H168
ENSG00000179751.6 	H000;H003;H006;H009;H012;H018;H024;H036;H048;H072;H120;H168
ENSG00000100504.16 	H000;H003;H006;H009;H012;H018;H024;H036;H048;H072
ENSG00000274180.1 	H000;H009;H012;H024;H036;H048;H072;H120
ENSG00000111266.8 	H000;H036;H048
ENSG00000176845.12 	H000;H003;H006;H009;H012;H018;H024;H036;H048;H072;H120;H168
ENSG00000124491.15 	H000;H003;H006;H009;H012;H018;H024;H036;H048;H072;H120;H168
ENSG00000167716.18 	H000;H003;H006;H009;H012;H018;H024;H036;H048;H072
ENSG00000173818.16 	H000;H003;H006;H009;H012;H018;H024;H036;H048;H072;H120;H168
ENSG00000168758.10 	H120;H168
ENSG00000188976.10 	H000;H003;H006;H009;H012;H018;H024;H036;H048;H072;H120;H168
ENSG00000183597.15 	H000;H003;H006;H009;H012;H018;H024;H036;H048;H072;H120;H168
ENSG00000104936.17 	H048;H072;H120;H168
ENSG00000153774.8 	H072;H120;H168
ENSG00000163975.11 	H120;H168
ENSG00000070759.16 	H000;H003;H006;H009;H012;H018;H024;H036;H048
ENSG00000188060.6 	H000;H003;H006;H009;H012;H018;H024;H036;H048;H072;H120;H168
ENSG00000132359.13 	H120;H168
ENSG00000136854.17 	H000;H003;H006;H009;H012;H018;H024;H036;H048;H072;H120;H168
ENSG00000123728.9 	H120
ENSG00000159674.11 	H000;H003;H006;H009;H012;H018;H024;H036;H048;H072;H120;H168
ENSG00000102760.12 	H000;H003;H006;H009;H012;H018;H024;H036;H048;H072;H120;H168
ENSG00000077942.18 	H120;H168
ENSG00000049449.8 	H000;H003;H006;H009;H012;H018;H024;H036;H048;H072;H120;H168
ENSG00000185551.12 	H000;H003;H006;H009;H012;H018;H024;H036;H048;H072;H120;H168
ENSG00000143641.9 	H168
ENSG00000105928.13 	H000;H003;H006;H009;H012;H018;H024;H036;H048;H072;H120;H168
ENSG00000170425.3 	H000;H003;H006;H009;H012;H018;H024;H036;H048;H072
ENSG00000065882.15 	H120;H168
ENSG00000146072.6 	H120
ENSG00000137393.9 	H000;H003;H006;H009;H012;H018;H024;H036;H048;H072
ENSG00000197405.7 	H012;H024;H048;H120
ENSG00000101665.8 	H000;H009;H012;H018;H024;H036;H120
ENSG00000175879.8 	H000;H003;H006;H009;H012;H018;H024;H036;H048;H072;H120;H168
ENSG00000149218.4 	H120;H168
ENSG00000075388.3 	H000;H003;H006;H009;H012;H018;H024;H036;H048;H072;H120;H168
ENSG00000142102.15 	H000;H003;H006;H009;H012;H018;H024;H036;H048;H072;H120;H168
ENSG00000125820.5 	H000;H003;H006;H009;H012;H018;H024;H036;H048;H072;H120;H168
ENSG00000215788.9 	H000;H003;H006;H009;H012;H018;H024;H036;H048;H072;H120;H168
ENSG00000182272.11 	H000;H003;H006;H009;H012;H018;H024;H036;H048;H072;H120;H168
ENSG00000185722.16 	H072;H120;H168
ENSG00000161395.12 	H000;H003;H006;H009;H012;H018;H024;H036;H048;H072;H120;H168
ENSG00000171532.4 	H000;H003;H006;H009;H012;H018;H024;H036;H048;H072;H120;H168
ENSG00000075618.17 	H000;H003;H006;H009;H012;H018;H024;H036;H048;H072;H120;H168
ENSG00000143032.7 	H000;H003;H006;H009;H012;H018;H024;H036;H048;H072;H120;H168
ENSG00000115963.13 	H000;H003;H006;H009;H012;H018;H024;H036;H048;H072
ENSG00000168453.14 	H036;H048;H072;H120;H168
ENSG00000116251.9 	H000;H003;H006;H009;H012;H018;H024;H036;H048;H072;H120;H168
ENSG00000116857.16 	H000;H003;H006;H009;H012;H018;H024;H036;H048;H072;H120;H168
ENSG00000120738.7 	H000
ENSG00000179222.17 	H000;H003;H006;H009;H012;H024;H036;H048;H072;H120;H168
ENSG00000115339.13 	H003;H009
ENSG00000157514.16 	H000;H003;H006;H009;H012;H018;H024;H036;H048;H072;H120;H168
ENSG00000137185.11 	H000;H003;H006;H009;H012;H018;H024;H036;H048;H072;H120;H168
ENSG00000184986.10 	H120;H168
ENSG00000166169.16 	H000;H003;H006;H009;H012;H024;H036;H048;H072;H120
ENSG00000067606.15 	H000;H003;H006;H009;H012;H018;H024;H036;H048;H072;H120;H168
ENSG00000169469.8 	H120;H168
ENSG00000218336.7 	H000;H003;H006;H009;H012;H018;H024;H036;H048;H072;H120;H168
ENSG00000125740.13 	H000;H003;H006;H009;H012;H018;H024;H036;H048;H072;H120;H168
ENSG00000204272.11 	H000;H006;H009;H012;H024;H072;H120;H168
ENSG00000138136.6 	H000;H003;H006;H009;H012;H018;H024;H036;H048;H072;H120;H168
ENSG00000004139.13 	H000;H003;H006;H009;H012;H024;H036;H048
ENSG00000277791.4 	H000;H003;H006;H009;H012;H018;H024;H036;H048;H072;H120
ENSG00000130635.15 	H120;H168
ENSG00000170615.14 	H000;H003;H006;H009;H012;H018;H024;H036;H048;H072;H120;H168
ENSG00000232258.6 	H000;H003;H006;H009;H012;H018;H024;H036;H048;H072;H120;H168
ENSG00000132406.11 	H000;H003;H006;H009;H012;H018;H024;H036;H048
ENSG00000125449.6 	H048
ENSG00000178163.7 	H072;H120
ENSG00000153234.13 	H000;H003;H006;H009;H012;H018;H024;H036;H048;H072;H120;H168
ENSG00000145194.17 	H000;H003;H006;H009;H012;H018;H024;H036;H048;H072;H120;H168
ENSG00000047230.14 	H000;H003;H006;H009;H012;H024;H036;H048;H072;H120;H168
ENSG00000135838.13 	H024;H036;H048;H072
ENSG00000130821.15 	H000;H009;H012;H018;H036;H048;H072;H120
ENSG00000076513.16 	H000;H009;H012;H024
ENSG00000103647.12 	H120;H168
ENSG00000156697.12 	H120
ENSG00000152315.4 	H000;H003;H006;H009;H012;H018;H024;H036;H048;H072;H120
ENSG00000189337.15 	H000;H003;H006;H009;H012;H018;H024;H036;H048;H072;H120;H168
ENSG00000091831.21 	H000;H003;H006;H009;H012;H018;H024;H036;H048;H072;H120;H168
ENSG00000141068.13 	H000;H003;H012;H024;H036;H048
ENSG00000080546.13 	H000;H003;H006;H009;H012;H018;H024;H036;H048;H072
ENSG00000188909.4 	H000;H003;H006;H009;H012;H018;H024;H036;H048;H072;H120;H168
ENSG00000069966.18 	H168
ENSG00000167972.13 	H000;H003;H006;H009;H012;H018;H024;H036;H048;H072;H120
ENSG00000167034.9 	H120;H168
ENSG00000068137.14 	H000;H003;H006;H009;H012;H018;H024;H036;H048;H072;H120;H168
ENSG00000115325.13 	H000;H003;H006;H009;H012;H018;H024;H036;H048;H072;H120;H168
ENSG00000157510.13 	H000;H003;H006;H009;H012;H018;H036;H048;H072;H120;H168
ENSG00000167693.16 	H120;H168
ENSG00000102054.17 	H000;H003;H006;H009;H012;H018;H024;H036;H048;H072;H120;H168
ENSG00000156052.10 	H000;H003;H006;H009;H012;H018;H024;H036;H048;H072;H120
ENSG00000123453.16 	H120;H168
ENSG00000187098.14 	H003;H009;H024;H036;H048
ENSG00000169750.8 	H048;H072;H120
ENSG00000198336.9 	H120;H168
ENSG00000177468.6 	H000;H003;H006;H009;H018;H024;H036;H048;H072;H120;H168
ENSG00000131196.17 	H000;H003;H006;H009;H012;H018;H024;H036;H048;H072;H120;H168
ENSG00000113739.10 	H009;H012
ENSG00000090376.8 	H000;H003;H006;H009;H012;H018;H024;H036;H048;H072;H120;H168
ENSG00000144668.11 	H000;H003;H006;H009;H012;H018;H024;H036;H048;H072;H120;H168
ENSG00000108557.17 	H048;H072;H120;H168
ENSG00000046647.13 	H000;H003;H006;H009;H012;H018;H024;H036;H048;H072;H120;H168
ENSG00000177425.10 	H000;H003;H006;H009;H012;H018;H024;H036;H048;H072;H120;H168
ENSG00000107104.18 	H000;H003;H006;H009;H012;H018;H024;H036;H048;H072;H120;H168
ENSG00000177311.10 	H000;H003;H006;H009;H012;H018;H024;H036;H048;H072;H120;H168
ENSG00000162992.3 	H000;H012;H024;H048;H072
ENSG00000120963.11 	H000;H003;H006;H009;H024
ENSG00000184471.7 	H048;H072;H120;H168
ENSG00000187094.11 	H000;H003;H006;H009;H012;H018;H024;H036;H048;H072;H120;H168
ENSG00000075624.13 	H000;H003;H006;H009;H012;H018;H024;H036
ENSG00000196372.12 	H000;H003;H009;H012;H024;H036
ENSG00000205726.13 	H000;H003;H006;H009;H012;H018;H024;H036;H048;H072
ENSG00000198879.11 	H000;H003;H006;H009;H012;H018;H024;H036;H048;H072;H120;H168
ENSG00000180901.10 	H000;H048
ENSG00000214827.9 	H003;H006;H009;H012;H024;H048;H168
ENSG00000088808.16 	H000;H003;H006;H009;H012;H018;H024;H036;H048;H072;H120;H168
ENSG00000130150.11 	H003;H009;H120
ENSG00000101200.5 	H000;H003;H006;H009;H012;H018;H024;H036;H048;H072;H120;H168
ENSG00000144283.21 	H003;H006;H009;H120;H168
ENSG00000139132.14 	H036;H048;H072;H120;H168
ENSG00000085224.20 	H009;H036;H168
ENSG00000145506.13 	H000;H003;H006;H009;H012;H018;H024;H036;H048;H072;H120;H168
ENSG00000175711.8 	H120
ENSG00000178573.6 	H000;H003;H006;H009;H012;H018;H024;H036;H048;H072
ENSG00000141556.20 	H168
ENSG00000170017.12 	H000;H003;H006;H009;H012
ENSG00000105409.15 	H072;H120;H168
ENSG00000149294.16 	H048
ENSG00000168461.12 	H000;H003;H006;H009;H012;H018;H024;H036;H048
ENSG00000121039.9 	H000;H003;H006;H009;H012;H018;H024;H036;H048;H072;H120;H168
ENSG00000196639.6 	H000;H003;H006;H009;H012;H018;H024;H036;H048;H072;H120
ENSG00000165568.17 	H000;H003;H006;H009;H012;H018;H024;H036;H048;H072;H120
ENSG00000151914.18 	H000;H003;H006;H009;H012;H018;H024;H036;H048;H072;H120;H168
ENSG00000182095.14 	H000;H003;H006;H009;H012;H018;H024;H036;H048;H072;H120;H168
ENSG00000090006.17 	H000;H003;H006;H009;H012;H018;H024;H036;H048;H072;H120;H168
ENSG00000171772.15 	H000;H003;H009;H012;H036;H048;H072;H120;H168
ENSG00000125968.8 	H000;H003;H006;H009;H012;H018;H024;H036;H048;H072
ENSG00000156531.16 	H009;H024;H036;H048;H168
ENSG00000143889.15 	H000;H003;H006;H009;H012;H018;H024;H036;H048;H072;H120;H168
ENSG00000100290.2 	H000;H003;H006;H009;H012;H018;H024;H036;H048;H072;H120;H168
ENSG00000171766.15 	H000;H003;H006;H009;H012;H018;H024;H036;H048;H072;H120;H168
ENSG00000072506.12 	H168
ENSG00000157734.13 	H120;H168
ENSG00000184381.18 	H120;H168
ENSG00000135678.11 	H000;H003;H006;H009;H012;H018;H024;H036;H048;H072;H120;H168
ENSG00000120075.5 	H000;H003;H006;H009;H012;H018;H024;H036;H048;H072;H120;H168
ENSG00000164904.15 	H000;H003;H006;H009;H012;H018;H024;H036;H048;H072;H120;H168
ENSG00000137177.18 	H000;H003;H006;H009;H012
ENSG00000277586.1 	H000;H003;H006;H009;H012;H018;H024;H036;H048;H072;H120;H168
ENSG00000159182.4 	H000;H003;H006;H009;H012;H018;H024;H036;H048;H072;H120;H168
ENSG00000160439.15 	H000;H003;H006;H009;H012;H018;H024;H036;H048;H072;H120;H168
ENSG00000140836.14 	H000;H003;H006;H009;H012;H018;H024;H036;H048;H072;H120;H168
ENSG00000124225.15 	H072;H120;H168
ENSG00000273049.1 	H000;H003;H006;H009;H012;H018;H024;H036;H048;H072;H120;H168
ENSG00000168078.9 	H072;H120;H168
ENSG00000279408.2 	H072;H120;H168
ENSG00000158292.6 	H168
ENSG00000087008.15 	H168
ENSG00000117298.14 	H009;H048;H072;H120;H168
ENSG00000168734.13 	H000;H036;H120;H168
ENSG00000152270.8 	H000;H003;H006;H009;H012;H018
ENSG00000101901.10 	H000;H003;H006;H009;H024;H072;H120;H168
ENSG00000171988.17 	H000;H003;H006;H009;H012;H018;H024;H036;H048;H072;H120;H168
ENSG00000162676.11 	H048;H072;H120;H168
ENSG00000117280.12 	H000;H003;H006;H009;H012;H018;H024;H036;H048;H072
ENSG00000147044.20 	H000;H003;H006;H009;H012;H024;H036;H048;H072;H120;H168
ENSG00000163468.14 	H000;H003;H006;H009;H012;H018;H024;H036;H048;H072;H120;H168
ENSG00000171316.11 	H000;H003;H006;H009;H012;H018;H024;H036;H048;H072;H120;H168
ENSG00000272398.5 	H120;H168
ENSG00000176108.9 	H048;H120;H168
ENSG00000101187.15 	H000;H003;H006;H009;H012;H018;H024;H036;H048;H072;H120;H168
ENSG00000008196.12 	H000;H003;H006;H009;H012;H018;H024;H036;H048;H072;H120;H168
ENSG00000169762.16 	H000;H003;H006;H009;H012;H018;H024;H036;H048;H072;H120;H168
ENSG00000143801.16 	H000;H003;H006;H009;H012;H018;H024;H036;H048;H072;H120;H168
ENSG00000091409.14 	H024;H036;H048;H072;H120;H168
ENSG00000221869.4 	H000;H003;H006;H009;H012;H018;H024;H036;H048
ENSG00000198561.13 	H000;H003;H006;H009;H012;H018;H024;H036;H048;H072;H120;H168
ENSG00000173917.10 	H000;H003;H006;H009;H012;H018;H024;H036;H048;H072;H120;H168
ENSG00000007545.15 	H000;H003;H006;H009;H012;H018;H024;H036;H048;H072;H120;H168
ENSG00000100320.22 	H000;H003;H006;H009;H012;H018;H024;H036;H048;H072;H120;H168
ENSG00000185049.12 	H000;H003;H006;H009;H012;H018;H024;H036;H048;H072;H120;H168
ENSG00000127084.17 	H168
ENSG00000164853.8 	H000;H003;H006;H009;H012;H018;H024;H036;H048;H072;H120;H168
ENSG00000177614.9 	H000;H003;H006;H009;H012;H018;H024;H036;H048;H072;H120;H168
ENSG00000131979.18 	H000;H003;H006;H009;H012
ENSG00000203896.9 	H120;H168
ENSG00000105447.12 	H000;H003;H006;H009;H012;H018;H024;H036;H048;H072;H120;H168
ENSG00000000938.12 	H003;H006;H009
ENSG00000129152.3 	H000;H003;H006;H009;H012;H018;H024;H036;H048;H072;H120;H168
ENSG00000182118.5 	H036;H048
ENSG00000115318.11 	H000;H003;H006;H009;H012;H018;H024;H036;H048;H072;H120;H168
ENSG00000095637.21 	H009;H036;H048;H168
ENSG00000131264.3 	H048
ENSG00000172590.18 	H000;H003;H006;H009;H018
ENSG00000065413.16 	H000;H003;H006;H009;H012;H018;H024;H036;H048
ENSG00000140557.11 	H003;H024;H036;H048;H072;H120;H168
ENSG00000114993.15 	H000;H003;H006;H009;H012;H018;H024;H036;H048;H072;H120
ENSG00000072422.16 	H000;H006;H009;H012;H024;H036;H048;H072;H120;H168
ENSG00000280410.1 	H000;H003;H006;H009;H012;H018;H024;H036;H048;H072;H120;H168
ENSG00000170293.8 	H000;H003;H006;H009;H012;H018
ENSG00000106089.11 	H000;H003;H006;H009;H018;H024;H036;H048;H072;H120;H168
ENSG00000136098.16 	H009
ENSG00000126767.17 	H000
ENSG00000001461.16 	H000;H003;H006;H009;H012;H018;H024;H036;H048;H072
ENSG00000241370.5 	H072;H120;H168
ENSG00000151240.16 	H072;H120;H168
ENSG00000166173.10 	H120;H168
ENSG00000075043.17 	H000;H003;H006;H009;H012;H018;H024;H036;H048;H072;H120;H168
ENSG00000178104.19 	H000;H003;H006;H009;H012;H018;H024;H036;H048;H072;H120;H168
ENSG00000177042.14 	H000;H003;H006;H012;H036;H048;H120
ENSG00000135446.16 	H000;H003;H006;H009;H012;H018;H024;H036;H048;H072;H120
ENSG00000179344.16 	H000;H003;H006;H009;H012;H018;H024;H036;H048;H072;H120
ENSG00000078269.13 	H036;H048;H072;H120;H168
ENSG00000164938.13 	H000;H003;H006;H009;H012;H018;H024;H036;H048
ENSG00000008441.16 	H000;H003;H006;H009;H012;H018;H024;H036;H048;H072;H120;H168
ENSG00000167291.15 	H000;H003;H006;H009;H012;H018;H024;H036;H048;H072;H120;H168
ENSG00000184216.11 	H000;H009;H012;H036;H048;H072;H120;H168
ENSG00000182631.6 	H120;H168
ENSG00000157927.16 	H120;H168
ENSG00000196123.12 	H000;H003;H006;H009;H012;H018;H024;H036;H048;H072;H120;H168
ENSG00000250571.6 	H000;H003;H006;H009;H012;H018;H024;H036;H048;H072;H120;H168
ENSG00000185028.3 	H036;H048;H072;H120;H168
ENSG00000124570.17 	H000;H003;H006;H009;H012;H018;H024;H036;H048;H072;H120;H168
ENSG00000127603.23 	H000;H003;H006;H009;H012;H018;H024;H036;H048;H072;H120;H168
ENSG00000196739.14 	H000;H003;H006;H009;H012;H018;H024;H036;H048;H072;H120;H168
ENSG00000137100.15 	H000;H003;H006;H009;H012;H024;H036;H048;H072;H120;H168
ENSG00000173166.17 	H000;H003;H006;H009;H012;H018;H024;H036;H048;H072;H120
ENSG00000129084.17 	H000;H003;H006;H009;H012;H018
ENSG00000165509.13 	H006;H009;H012;H168
ENSG00000131037.14 	H000;H003;H006;H009;H012;H018;H024;H036;H048;H072;H120;H168
ENSG00000160111.12 	H000;H009;H012;H024;H036;H048;H072;H120;H168
ENSG00000157350.12 	H120;H168
ENSG00000136630.12 	H000;H003;H006;H009;H012;H018
ENSG00000162344.3 	H000;H003;H006;H009;H012;H018;H024;H036;H048;H072;H120;H168
ENSG00000104435.13 	H000;H003;H006;H009;H012;H018;H024;H036;H048;H072;H120
ENSG00000184557.4 	H000;H003;H006;H009;H012;H018;H024;H036;H048;H072
ENSG00000124140.12 	H000;H003;H006;H009;H012;H018;H024;H036;H048;H072;H120;H168
ENSG00000135723.13 	H000;H003;H006;H009;H012;H018;H024;H036;H048;H072;H120;H168
ENSG00000130589.16 	H000;H003;H006;H009;H012;H018;H024;H036;H048;H072;H120;H168
ENSG00000123989.13 	H024;H036
ENSG00000135842.16 	H000;H003;H006;H009;H012;H018;H024;H036;H048;H072;H120;H168
ENSG00000182809.10 	H000;H003;H006;H009;H012;H018;H024;H036;H048;H072;H120;H168
ENSG00000183054.11 	H000;H003;H009;H012;H018;H024;H036;H048
ENSG00000274792.1 	H168
ENSG00000106571.12 	H000;H003;H006;H009;H012;H018;H024;H036;H048;H072;H120;H168
ENSG00000063438.16 	H000;H003;H006;H009;H012;H018;H024;H036;H048;H072;H120;H168
ENSG00000128564.6 	H000;H003;H006;H009;H012;H018;H024;H036;H048;H072;H120;H168
ENSG00000174238.14 	H120
ENSG00000121851.12 	H000;H003;H006;H009;H012;H036
ENSG00000125755.18 	H000;H003;H006;H009;H012;H018;H024;H036;H048;H072;H120;H168
ENSG00000157450.15 	H048;H072;H120;H168
ENSG00000116729.13 	H000;H003;H006;H009;H012;H018;H024;H036;H048;H072;H120;H168
ENSG00000145391.13 	H000;H003;H006;H009;H012
ENSG00000180354.15 	H000;H003;H006;H009;H012;H018;H024;H036;H048;H072;H120
ENSG00000030582.16 	H000;H003;H006;H009;H012;H018;H024;H036;H048;H072;H120
ENSG00000124227.5 	H000;H003;H006;H009;H012;H018;H024;H036;H048;H072;H120;H168
ENSG00000187140.5 	H000;H003;H006;H009;H012;H018;H024;H036;H048;H072;H120;H168
ENSG00000205476.8 	H120;H168
ENSG00000166908.17 	H000;H009;H012;H036;H048;H072
ENSG00000161681.15 	H000;H003;H006;H009;H012;H018;H024;H036;H048;H072;H120;H168
ENSG00000120875.8 	H000;H003;H006;H009;H012;H018;H024;H036;H048;H072;H120;H168
ENSG00000102878.16 	H000;H003;H006;H009;H012;H018;H024;H036;H048;H072;H120;H168
ENSG00000213889.10 	H000;H003;H006;H009;H012;H018;H024;H036;H048;H072;H120;H168
ENSG00000128833.12 	H120;H168
ENSG00000115504.14 	H000;H003;H006;H009;H012;H018;H024;H036;H048;H072;H120;H168
ENSG00000166428.12 	H120
ENSG00000151718.15 	H000;H003;H006;H009;H012;H018;H024;H036;H048;H072;H120;H168
ENSG00000164236.11 	H120;H168
ENSG00000167434.9 	H000;H003;H006;H009;H012;H018;H024;H036;H048;H072;H120;H168
ENSG00000170458.13 	H000;H003;H006;H009;H012;H018;H024;H036;H048
ENSG00000106688.11 	H000;H003;H006;H009;H012;H024;H048
ENSG00000070047.11 	H000;H003;H006;H009;H012;H018;H024;H036;H048;H072;H120
ENSG00000120278.14 	H000;H003;H006;H009;H012;H018;H024;H036;H048;H072;H120;H168
ENSG00000128917.6 	H000;H003;H006;H009;H012;H018;H024;H036;H048;H072;H120;H168
ENSG00000134602.15 	H024;H036;H120;H168
ENSG00000197977.3 	H120;H168
ENSG00000215113.6 	H000;H003;H006;H009;H012;H018;H024;H036;H048;H072;H120;H168
ENSG00000108239.8 	H000;H003;H006;H009;H012;H018;H024;H036;H048;H072;H120;H168
ENSG00000091592.15 	H000;H003;H006;H009;H012;H018;H024;H036;H048;H072;H120;H168
ENSG00000268447.5 	H009;H120;H168
ENSG00000215115.6 	H000;H003;H006;H009;H012;H018;H024;H036;H048;H072;H120;H168
ENSG00000067057.16 	H000;H003;H006;H009;H012;H018;H024;H036;H048;H072;H120
ENSG00000099889.13 	H000;H003;H006;H009;H012;H018;H024;H036;H048;H072;H120;H168
ENSG00000139044.10 	H000;H003;H006;H009;H012;H018;H024;H036;H048;H072;H120;H168
ENSG00000168916.15 	H072;H120;H168
ENSG00000113108.17 	H000;H003;H006;H009;H012;H018;H024;H036;H048;H072;H120;H168
ENSG00000196092.12 	H000;H003;H006;H009;H012;H018;H024;H036;H048;H072;H120;H168
ENSG00000198821.10 	H120
ENSG00000116044.15 	H000
ENSG00000123384.13 	H000;H003;H006;H009;H012
ENSG00000162639.15 	H000;H003;H006;H009;H012;H018;H024;H036;H048;H072;H120;H168
ENSG00000107902.13 	H072;H120;H168
ENSG00000183644.13 	H000;H003;H006;H009;H012;H018;H024;H036;H048;H072;H120;H168
ENSG00000206177.6 	H000;H003;H006;H009;H012;H018;H024;H036;H048;H072;H120;H168
ENSG00000137193.13 	H000
ENSG00000144218.18 	H000;H003;H006;H009;H012;H018;H024;H036;H048;H072;H120;H168
ENSG00000166948.9 	H072;H120;H168
ENSG00000182957.15 	H003;H009;H168
ENSG00000151651.15 	H000;H003;H006;H009;H012;H018;H024;H036;H048;H168
ENSG00000144579.7 	H000;H003;H006;H009;H012
ENSG00000137265.14 	H072;H120;H168
ENSG00000168280.16 	H000;H003;H006;H009;H012;H018;H024;H036;H048;H072;H120;H168
ENSG00000178498.15 	H000;H003;H006;H009;H012;H018;H024;H036;H048;H072;H120;H168
ENSG00000172061.8 	H120;H168
ENSG00000019144.16 	H000;H003;H006;H009;H012;H018;H024;H036;H048;H072;H120;H168
ENSG00000143226.13 	H120;H168
ENSG00000185813.10 	H003;H009;H012;H024;H048;H072;H120
ENSG00000189326.4 	H000;H012;H120
ENSG00000178445.8 	H000;H003;H006;H009;H012;H018;H024;H036;H048;H072;H120;H168
ENSG00000176597.11 	H000;H003;H006;H009;H012;H018;H024;H036;H048;H072;H120
ENSG00000171987.1 	H120;H168
ENSG00000088280.18 	H120
ENSG00000112584.13 	H000;H003;H006;H009;H012;H018;H024;H036;H048;H072;H120;H168
ENSG00000184702.17 	H000;H003;H006;H009;H012;H018;H024;H036;H048;H072;H120;H168
ENSG00000125730.16 	H000;H003;H006;H009;H012;H018;H024;H036;H048;H072;H120
ENSG00000136826.14 	H000;H003;H006;H009;H012;H018;H024;H036;H048;H072;H120
ENSG00000105963.13 	H000;H003;H006;H009;H012;H018;H024;H036;H048;H072;H120;H168
ENSG00000111012.9 	H000;H003;H006;H009;H012;H018;H024;H036;H048;H072;H120;H168
ENSG00000213626.11 	H048;H120
ENSG00000198585.11 	H000;H003;H006;H009;H012;H018;H024;H036;H048;H072;H120;H168
ENSG00000275832.4 	H000;H003;H006;H009;H012;H018;H024;H036;H048;H072;H120;H168
ENSG00000065054.13 	H000;H009;H024;H036;H048
ENSG00000179304.16 	H000;H006;H009;H024;H036;H048;H072;H120;H168
ENSG00000065485.17 	H000;H003;H006;H009;H012;H018;H024;H036;H048;H072;H120;H168
ENSG00000151079.7 	H000;H003;H006;H009;H012;H018;H024;H036;H048;H072;H120;H168
ENSG00000140995.16 	H048;H072
ENSG00000125746.14 	H000;H003;H006;H009;H012;H036;H048;H072;H120
ENSG00000076928.17 	H000;H003;H006;H009;H012;H018;H024;H036;H048;H072;H120;H168
ENSG00000275038.1 	H003;H036;H048;H120
ENSG00000117122.13 	H036;H048;H072;H120;H168
ENSG00000120509.10 	H003
ENSG00000151490.13 	H000;H003;H006;H009;H012;H024;H036;H048;H072;H120;H168
ENSG00000171004.17 	H072;H120;H168
ENSG00000172889.15 	H048;H072;H120;H168
ENSG00000127399.14 	H000;H003;H006;H009;H012;H018;H024;H036;H048;H072;H120;H168
ENSG00000172789.3 	H000;H003;H006;H009;H012;H018;H024;H036;H048;H072;H120;H168
ENSG00000183760.10 	H000;H003;H006;H009;H012;H018;H024;H036;H048;H072;H120;H168
ENSG00000121680.15 	H120;H168
ENSG00000062524.15 	H000;H003;H006;H009;H012;H018;H024;H036;H048;H072;H120;H168
ENSG00000184371.13 	H000;H003;H006;H009;H012;H018;H024;H036;H048;H072;H120;H168
ENSG00000132879.13 	H003;H009;H012;H024;H036;H048;H072;H120
ENSG00000102575.10 	H000;H003;H006;H009;H012;H018;H024;H036;H048;H072;H120;H168
ENSG00000176658.16 	H048;H120
ENSG00000135363.11 	H000;H003;H006;H009;H012
ENSG00000164438.5 	H000;H003;H006;H009;H012;H018;H024;H036;H048;H072;H120;H168
ENSG00000110108.9 	H000;H003;H006;H009;H012;H018;H024;H036;H048;H072;H120;H168
ENSG00000138771.14 	H000;H003;H009;H012;H018;H024;H036;H048;H072;H120;H168
ENSG00000133794.17 	H000;H003;H006;H009;H012;H024;H036;H048
ENSG00000131591.17 	H000;H003;H006;H009;H012;H018;H024;H036;H048;H072;H168
ENSG00000165458.13 	H000;H003;H006;H009;H012;H018;H024;H036;H048;H072;H120;H168
ENSG00000204839.8 	H009
ENSG00000129422.14 	H000;H003;H006;H009;H012;H018;H024;H036;H048;H072;H120;H168
ENSG00000138795.9 	H000;H003;H006;H009;H012;H018;H024;H036;H048;H072;H120;H168
ENSG00000177030.16 	H000;H003;H006;H009;H012;H018;H024;H036;H048;H072;H120;H168
ENSG00000112139.14 	H000;H003;H006;H009;H012;H018;H024;H036;H048;H072;H120;H168
ENSG00000175471.19 	H000;H003;H006;H009;H012;H018;H024;H036;H048;H072;H120;H168
ENSG00000196924.14 	H000;H003;H006;H009;H012;H018;H024;H036;H048
ENSG00000183117.18 	H000;H003;H006;H009;H012;H018;H024;H036;H048;H072;H120;H168
ENSG00000165102.14 	H000;H003;H009;H024;H048
ENSG00000004455.16 	H000;H006;H009;H012;H024;H036;H048;H072;H120;H168
ENSG00000176165.9 	H003;H048
ENSG00000010626.14 	H000;H003;H006;H009;H012;H018;H024;H036;H048;H072;H120;H168
ENSG00000166171.12 	H000;H003;H006;H009;H012;H024;H036;H048;H072;H120
ENSG00000075275.16 	H000;H003;H006;H009;H012;H018;H024;H036;H048;H072;H120;H168
ENSG00000104983.8 	H000;H003;H006;H009;H012;H018;H024;H036;H048;H072;H120;H168
ENSG00000037897.16 	H000;H003;H006;H009;H012;H018;H024;H036;H048;H072;H120;H168
ENSG00000075391.16 	H000;H003;H006;H009;H012;H018;H024;H036;H048;H072;H120
ENSG00000105419.17 	H000;H003;H006;H009;H012;H018;H024;H036;H048;H072;H120;H168
ENSG00000112137.16 	H000;H003;H006;H009;H012;H018;H048;H120;H168
ENSG00000170801.9 	H120;H168
ENSG00000280427.1 	H000;H003;H006;H009;H012;H018;H024;H036;H048;H072;H120;H168
ENSG00000171703.16 	H000;H003;H006;H009;H012;H018;H024;H036;H048;H072;H120;H168
ENSG00000168925.10 	H168
ENSG00000130052.13 	H000;H003;H006;H009;H012;H018;H024;H036;H048;H072;H120;H168
ENSG00000104375.15 	H000;H003;H006;H009;H012;H018;H024;H036;H048;H072;H120;H168
ENSG00000169439.11 	H000;H003;H006;H009;H012;H018;H024;H036;H048;H072;H120
ENSG00000075399.12 	H000;H006;H009
ENSG00000102241.11 	H012;H024;H120
ENSG00000229544.8 	H000;H003;H006;H009;H012;H018;H024;H036;H048;H072;H120;H168
ENSG00000180806.4 	H000;H003;H006;H009;H012;H018;H024;H036;H048;H072;H120;H168
ENSG00000261130.5 	H000;H006;H009;H012;H018;H024;H036;H048;H072;H120;H168
ENSG00000214530.7 	H048;H120
ENSG00000135074.15 	H000;H006;H009
ENSG00000108582.11 	H000;H003;H006;H009;H012;H018;H024;H036;H048;H072;H120
ENSG00000181523.12 	H000;H003;H006;H009;H012;H018;H024;H036;H048;H072;H120
ENSG00000171365.15 	H009;H012;H036;H048;H168
ENSG00000147130.14 	H009;H048
ENSG00000178726.6 	H000;H003;H006;H009;H012;H018;H024;H036;H048;H072;H120;H168
ENSG00000183020.13 	H072;H120;H168
ENSG00000137834.14 	H000;H003;H006;H009;H012;H018;H024;H036;H048;H072;H120;H168
ENSG00000124006.14 	H120
ENSG00000163026.11 	H000;H003;H006;H009;H012;H018;H024;H036;H048;H072;H120;H168
ENSG00000151502.10 	H009;H012;H024;H036;H048;H072;H120;H168
ENSG00000161011.19 	H000;H003;H006;H009;H012;H018;H024;H036;H048;H072;H120;H168
ENSG00000182853.11 	H000;H003;H006;H009;H012;H018;H024;H036;H048;H072;H120;H168
ENSG00000196187.11 	H000;H003;H006;H009;H012;H024;H036;H048;H072;H120;H168
ENSG00000131773.13 	H003;H009;H024;H036;H048;H072;H120;H168
ENSG00000072163.18 	H000;H003;H006;H009;H012;H018;H024;H036;H048;H072;H120;H168
ENSG00000171208.9 	H000;H003;H006;H009;H012;H018;H024;H036;H048;H072;H120;H168
ENSG00000020577.13 	H009;H018;H024;H036;H048
ENSG00000175203.15 	H000;H003;H006;H009;H012;H018;H024;H036;H048;H072;H120;H168
ENSG00000121989.14 	H000;H003;H009;H012;H018;H024;H036;H048
ENSG00000022267.16 	H000;H003;H006;H009;H012;H024;H036;H048;H072;H120;H168
ENSG00000072501.17 	H120
ENSG00000164402.13 	H000;H003;H006;H009;H012;H018;H024;H036;H048;H072;H120;H168
ENSG00000185340.15 	H000;H003;H006;H009;H012;H018;H048
ENSG00000133805.15 	H000;H003;H006;H009;H012;H018;H024;H036;H048;H072;H120
ENSG00000002745.12 	H000;H003;H006;H009;H012;H018;H024;H036;H048;H072;H120;H168
ENSG00000169926.9 	H000;H003;H006;H009;H012;H018;H024;H036;H048;H072;H168
ENSG00000101096.19 	H000;H003;H006;H009;H012;H018;H024;H036;H048;H072;H120;H168
ENSG00000253250.2 	H000;H003;H006;H009;H012;H018;H024;H036;H048;H072;H120;H168
ENSG00000167851.13 	H000;H003;H006;H009;H012;H018;H024
ENSG00000124532.14 	H000;H003;H006;H009;H012;H018;H024;H036;H048;H072;H120;H168
ENSG00000157985.18 	H036;H048;H072;H120;H168
ENSG00000169906.5 	H000;H009;H012;H048;H072;H120;H168
ENSG00000181031.15 	H000;H003;H006;H009;H012;H018;H024;H036;H048;H072;H120;H168
ENSG00000131408.13 	H000;H003;H006;H009;H012;H018;H024;H036;H048;H072;H120;H168
ENSG00000152767.15 	H048
ENSG00000172164.13 	H000;H003;H006;H009;H012;H018;H024;H036;H048;H072
ENSG00000160781.15 	H048;H072;H120;H168
ENSG00000118257.16 	H000;H003;H006;H009;H012;H018;H024;H036;H048;H072;H120;H168
ENSG00000100433.15 	H000;H003;H006;H009;H012;H018;H024;H036;H048;H072;H120;H168
ENSG00000148335.14 	H000;H003;H006;H009;H012;H018;H024;H036;H048
ENSG00000156113.20 	H000;H003;H006;H009;H012;H018;H024;H036;H048;H072;H120;H168
ENSG00000169696.15 	H000
ENSG00000162745.10 	H048
ENSG00000175832.12 	H000;H003;H006;H009;H012;H018;H024;H036;H048;H072;H120;H168
ENSG00000116254.17 	H000;H003;H006;H009;H012;H018;H024;H036;H048;H072;H120;H168
ENSG00000128714.5 	H000;H003;H006;H009;H012;H018;H024;H036;H048;H072;H120;H168
ENSG00000173517.10 	H012
ENSG00000166165.12 	H000;H003;H006;H009;H012;H018;H024;H036;H048;H072;H120;H168
ENSG00000166974.12 	H048;H072;H120
ENSG00000145416.13 	H000;H003;H006;H009;H012;H018;H024;H036;H048;H072;H120;H168
ENSG00000124126.13 	H000;H003;H006;H009;H012;H018;H024;H036;H048
ENSG00000165238.16 	H072;H120;H168
ENSG00000166387.11 	H000;H003;H006;H009;H012;H018;H024;H036;H048;H072;H120;H168
ENSG00000164715.5 	H120;H168
ENSG00000184916.8 	H072;H120;H168
ENSG00000115457.9 	H000;H003;H006;H009;H012;H018;H024;H036;H048;H072;H120;H168
ENSG00000114805.16 	H000;H003;H006;H009;H012;H018;H024;H036;H048;H072;H120;H168
ENSG00000151702.16 	H000;H003;H006;H009;H012;H018;H024;H036;H048;H072;H120;H168
ENSG00000087303.16 	H120;H168
ENSG00000116141.15 	H000;H009;H012;H024;H048;H120
ENSG00000179715.12 	H000;H003;H006;H009;H012;H018;H024;H036;H048;H072;H120;H168
ENSG00000119139.16 	H000;H003;H006;H009;H012;H018;H024;H036;H048;H072;H120;H168
ENSG00000141905.17 	H120
ENSG00000124608.4 	H168
ENSG00000114302.15 	H000
ENSG00000159184.7 	H000;H003;H006;H009;H012;H018;H024;H036;H048;H072;H120;H168
ENSG00000089693.10 	H000;H003;H006;H009;H012;H018;H024;H036;H048;H072;H120;H168
ENSG00000078403.16 	H000;H003;H006;H009;H012;H018;H024;H036;H048;H072;H120;H168
ENSG00000120885.19 	H168
ENSG00000198689.9 	H000;H003;H006;H009;H012;H024;H036;H048;H072;H120;H168
ENSG00000196422.10 	H000;H003;H006;H009;H012;H018;H024;H036;H048;H072;H120
ENSG00000078579.8 	H000;H003;H006;H009;H012;H018;H024;H036;H048;H072;H120;H168
ENSG00000157881.13 	H000;H003;H006;H009;H012;H018;H024;H036;H048;H072;H120;H168
ENSG00000134243.11 	H000;H003;H006;H009;H012;H018;H024;H036;H048
ENSG00000090889.11 	H003
ENSG00000163932.13 	H000;H003;H009;H012;H048
ENSG00000108511.9 	H000;H003;H006;H009;H012;H018;H024;H036;H048;H072;H120;H168
ENSG00000013583.8 	H000;H003;H006;H009;H012;H024;H048
ENSG00000109062.9 	H003;H006;H009
ENSG00000146776.14 	H000;H003;H006;H009;H012;H018;H024;H036;H048;H072;H120;H168
ENSG00000215045.8 	H120;H168
ENSG00000141582.14 	H000;H003;H006;H009;H012;H018;H024;H036;H048;H072;H120;H168
ENSG00000138623.9 	H000;H003;H006;H009;H012;H018;H024;H036;H048;H072;H120
ENSG00000213923.10 	H000;H003;H006;H009;H012;H018;H024;H036;H048;H072;H120
ENSG00000141574.7 	H000;H003;H006;H009;H012;H018;H024;H036;H048;H072;H120;H168
ENSG00000002822.15 	H120
ENSG00000116288.12 	H000;H003;H006;H009;H012;H018;H024;H036;H048;H072;H120;H168
ENSG00000181045.14 	H000;H003;H006;H009;H012;H018;H024;H036;H048;H072;H120
ENSG00000140563.14 	H048;H072;H120;H168
ENSG00000130270.16 	H000;H003;H006;H009;H012;H018;H024;H036;H048;H072;H120;H168
ENSG00000172638.12 	H000;H003;H006;H009;H012;H018;H024;H048
ENSG00000134247.9 	H000;H003;H006;H009;H012;H018;H024;H036;H048;H072;H120;H168
ENSG00000063978.15 	H036;H048;H120;H168
ENSG00000116213.15 	H000;H003;H006;H009;H012;H018;H024;H036;H048;H072;H120;H168
ENSG00000134013.15 	H000;H003;H006;H009;H012;H018;H024;H036;H048;H072;H120;H168
ENSG00000005249.12 	H000;H003;H006;H009;H012;H018;H024;H036;H048;H168
ENSG00000177854.7 	H009;H024;H036;H048;H072;H120;H168
ENSG00000103264.15 	H120;H168
ENSG00000158805.11 	H000;H006;H009
ENSG00000148498.15 	H000;H003;H009;H012;H018;H024;H036;H048;H072;H120;H168
ENSG00000142178.7 	H000;H006;H009;H012;H024;H036;H048;H072;H120;H168
ENSG00000172379.18 	H000;H009;H024;H036;H048;H072
ENSG00000185900.9 	H000;H003;H006;H009;H012;H018;H024;H036;H048;H072;H120;H168
ENSG00000077943.7 	H120;H168
ENSG00000184640.17 	H000;H003;H006;H009;H012;H018;H024;H036;H048;H072;H120;H168
ENSG00000149084.11 	H000;H003;H006;H009;H012;H018;H024;H036;H048;H072;H120;H168
ENSG00000162591.15 	H120
ENSG00000167994.11 	H000;H003;H006;H009;H012;H018;H024;H036;H048;H072;H120
ENSG00000123595.6 	H000;H003;H006;H009;H012;H018;H024;H036;H048;H072;H120;H168
ENSG00000177380.13 	H000;H003;H006;H009;H012;H018;H024;H036;H048;H072;H120;H168
ENSG00000174136.11 	H048;H072;H120;H168
ENSG00000136153.19 	H000;H003;H006;H009;H012;H018;H024;H036;H048;H072;H120;H168
ENSG00000134030.13 	H000;H003;H006;H009;H012;H036
ENSG00000136436.14 	H168
ENSG00000101384.11 	H000;H003;H006;H009;H012;H018;H024;H036;H048;H072
ENSG00000028277.20 	H000;H003;H006;H009;H012;H018;H024;H036;H048;H072;H120;H168
ENSG00000116670.14 	H120;H168
ENSG00000176087.14 	H000;H003;H006;H009;H012;H018;H024;H036;H048;H072;H120;H168
ENSG00000135090.13 	H000;H003;H006;H009;H012;H018;H024;H036;H048;H072;H120;H168
ENSG00000140398.13 	H048
ENSG00000123561.14 	H000;H006;H009;H012;H024
ENSG00000158270.11 	H000;H003;H006;H009;H012;H018;H024;H036;H048;H072
ENSG00000153113.23 	H000;H003;H006;H009;H012;H018;H024;H036;H048;H072;H120
ENSG00000240771.6 	H000;H006;H009;H012;H024;H036;H048;H072;H120;H168
ENSG00000197381.15 	H120;H168
ENSG00000170412.16 	H000;H003;H006;H009;H012;H018;H024;H036;H048;H072;H120;H168
ENSG00000169499.14 	H000;H003;H006;H009;H012;H024;H036;H048
ENSG00000174177.12 	H000;H003;H006;H009;H012
ENSG00000171045.14 	H000;H003;H009;H012;H024;H036;H048;H120
ENSG00000143878.9 	H000;H003;H006;H009;H012;H018;H024;H036;H048;H072;H120
ENSG00000189299.6 	H000;H036;H048
ENSG00000154134.14 	H000;H003;H006;H009;H012;H018;H024;H036;H048;H072;H120;H168
ENSG00000204389.9 	H000;H003;H006;H009;H012;H018;H024;H036;H048
ENSG00000138162.18 	H000;H003;H006;H009;H012;H018;H024;H036;H048;H072;H120;H168
ENSG00000160209.18 	H009
ENSG00000157625.15 	H024
ENSG00000101868.10 	H003;H006;H009;H048;H072;H120;H168
ENSG00000104267.9 	H048;H120
ENSG00000116990.10 	H000;H003;H006;H009;H012;H018;H024;H036;H048;H072;H120;H168
ENSG00000099977.13 	H000;H003;H006;H009;H012;H018;H024;H036;H048;H072;H120;H168
ENSG00000100003.17 	H120
ENSG00000170549.3 	H000;H003;H006;H009;H012;H018;H024;H036;H048;H072;H120;H168
ENSG00000126016.13 	H000;H006;H009;H012;H024;H036;H048;H072;H120;H168
ENSG00000183691.4 	H168
ENSG00000150551.10 	H000;H003;H006;H009;H012;H018;H024;H036;H048;H072;H120;H168
ENSG00000127415.12 	H000;H003;H006;H009;H012;H018;H024;H036;H048;H072;H120;H168
ENSG00000142459.8 	H024;H036;H048;H072;H120;H168
ENSG00000125868.15 	H000;H003;H006;H009;H012;H018;H024;H036;H048;H072;H120;H168
ENSG00000072682.18 	H000
ENSG00000160972.9 	H000;H003;H006;H009;H012;H018;H024;H036;H048;H072;H120;H168
ENSG00000203870.5 	H000;H003;H009;H012;H048;H168
ENSG00000136237.18 	H120;H168
ENSG00000174891.12 	H000;H003;H006;H009;H012;H018;H024;H036;H048;H072;H120;H168
ENSG00000243156.7 	H000;H003;H006;H009;H012;H018;H024;H036;H048;H072;H120;H168
ENSG00000134686.16 	H000;H003;H006;H009;H012;H018;H024;H036;H048;H072;H120;H168
ENSG00000197183.12 	H120
ENSG00000128709.11 	H000;H003;H006;H009;H012;H018;H024;H036;H048;H072;H120;H168
ENSG00000154122.12 	H000;H003;H006;H009;H012;H018;H024;H036;H048
ENSG00000213420.7 	H000;H003;H006;H009;H012;H018;H024;H036;H048;H072;H120;H168
ENSG00000111674.8 	H000;H003;H006;H009;H012;H018;H024;H036;H048;H072;H120;H168
ENSG00000100979.14 	H000;H003;H006;H009;H012;H018;H024;H036;H048;H072
ENSG00000170577.7 	H000;H003;H006;H009;H012;H018;H024;H036;H048;H072;H120;H168
ENSG00000080845.17 	H000;H003;H006;H009;H012;H018;H024;H036;H048;H072;H120;H168
ENSG00000125398.5 	H000;H003;H009;H012;H024;H036;H048
ENSG00000102078.15 	H000;H009;H012;H024;H048;H120;H168
ENSG00000113448.16 	H000;H003;H006;H009
ENSG00000183018.8 	H120;H168
ENSG00000173918.14 	H000;H003;H006;H009;H012;H024;H036;H048;H072;H120;H168
ENSG00000079385.21 	H120;H168
ENSG00000112062.10 	H000;H003;H006;H009;H048;H120
ENSG00000005073.5 	H000;H003;H006;H009;H012;H018;H024;H036;H048;H072;H120;H168
ENSG00000166582.9 	H000;H003;H006;H009;H012;H018;H024;H036;H048;H072;H120;H168
ENSG00000140932.9 	H120;H168
ENSG00000084234.16 	H000;H003;H006;H009;H012;H018;H024
ENSG00000152684.10 	H000;H003;H006;H009;H012;H018;H024;H036;H048;H072;H120;H168
ENSG00000168875.2 	H000;H003;H006;H009;H012;H018;H024;H036;H048;H072;H120
ENSG00000160789.19 	H000;H003;H006;H009;H012;H018;H024;H036;H048;H072;H120
ENSG00000168938.5 	H000;H003;H006;H009;H012;H018;H024;H036;H048;H072;H120;H168
ENSG00000185787.14 	H120;H168
ENSG00000165795.21 	H000;H003;H006;H009;H012;H018;H024;H036;H048;H072;H120
ENSG00000082458.11 	H000;H003;H006;H009;H012;H018;H024;H036;H048;H072;H120;H168
ENSG00000136235.15 	H000;H006;H009
ENSG00000145779.7 	H000;H003;H006;H009;H012;H018;H024;H036;H048;H072
ENSG00000134508.12 	H000;H003;H006;H009;H012;H018;H024;H036;H048;H072;H120;H168
ENSG00000101844.17 	H012;H048;H072
ENSG00000105429.12 	H000;H003;H006;H009;H012;H018;H024;H036;H048;H072;H120;H168
ENSG00000268606.5 	H168
ENSG00000198223.15 	H000;H009;H048
ENSG00000125492.9 	H000;H003;H006;H009;H012;H018;H024;H036;H048;H072;H120;H168
ENSG00000185985.8 	H003;H006;H009;H012;H024;H072;H168
ENSG00000103187.7 	H000;H003;H006;H009
ENSG00000180182.10 	H000;H003;H006;H009;H012;H018;H024;H036;H048;H072;H120;H168
ENSG00000118855.18 	H000;H003;H006;H009;H012;H018;H024;H036;H048;H072;H120;H168
ENSG00000135144.7 	H000;H048
ENSG00000143126.7 	H120
ENSG00000086758.15 	H120;H168
ENSG00000183072.9 	H000;H003;H006;H009;H012;H018;H024;H036;H048;H072;H120;H168
ENSG00000057935.13 	H048
ENSG00000059728.10 	H000;H003;H006;H009;H012;H018;H024;H036;H048
ENSG00000125741.4 	H000;H003;H006;H009;H012;H018;H024;H036;H048;H072;H120;H168
ENSG00000166888.10 	H000;H003;H006;H009;H012
ENSG00000136040.8 	H000;H003;H006;H009;H012;H018;H024;H036;H048;H072;H120;H168
ENSG00000159958.4 	H120;H168
ENSG00000135625.7 	H006;H009;H012;H024;H036;H048;H072;H120
ENSG00000142173.14 	H000;H012;H018;H036;H048;H072;H120
ENSG00000198598.6 	H000;H003;H006;H009;H012;H018;H024;H036;H048;H072;H120;H168
ENSG00000188677.14 	H000;H003;H006;H009;H012;H018;H024;H036;H048;H072
ENSG00000123143.12 	H012;H018;H036;H048;H072;H120
ENSG00000130222.10 	H000;H003;H006;H009;H012;H018;H024;H036;H048;H072;H120
ENSG00000173535.13 	H006;H009
ENSG00000123360.11 	H000;H003;H006;H009;H012;H018;H024;H036;H048;H072;H120
ENSG00000170775.2 	H000;H003;H006;H009;H012;H018;H024;H036;H048;H072;H120;H168
ENSG00000100842.12 	H006;H009
ENSG00000080200.9 	H000;H003;H006;H009;H012;H018;H024;H036;H048;H072
ENSG00000112183.14 	H000;H003;H006;H009;H012;H018;H024;H036;H048;H072;H120;H168
ENSG00000124831.18 	H000;H036;H048
ENSG00000100167.19 	H012;H036;H048;H072;H120;H168
ENSG00000102935.11 	H120;H168
ENSG00000104205.12 	H000;H048;H120
ENSG00000205269.5 	H000;H003;H009;H012;H018;H024;H036;H048;H072
ENSG00000169951.9 	H000;H003;H006;H009;H018;H048
ENSG00000125520.13 	H120
ENSG00000168781.21 	H003;H024
ENSG00000053747.15 	H000;H003;H006;H009;H012;H018;H024;H036;H048;H072;H120;H168
ENSG00000141526.14 	H000
ENSG00000135636.13 	H000;H003;H006;H009;H012;H018;H024;H036;H048;H072;H120;H168
ENSG00000130035.6 	H000;H003;H006;H009;H012;H018;H024;H036;H048;H072;H120;H168
ENSG00000095209.11 	H000;H003;H006;H009;H012;H018;H024;H036;H048;H072;H120;H168
ENSG00000129675.15 	H000;H003;H009;H012;H018;H048
ENSG00000137693.13 	H048;H072;H120;H168
ENSG00000129465.15 	H000;H003;H006;H009;H012;H018;H024;H036;H048;H072;H120;H168
ENSG00000078070.11 	H120;H168
ENSG00000224420.3 	H000;H009;H048;H120;H168
ENSG00000138083.4 	H000;H003;H006;H009;H012;H018;H024;H036;H048;H072;H120;H168
ENSG00000168994.13 	H000;H003;H006;H009;H012;H018;H024;H036;H048;H072
ENSG00000152894.14 	H120
ENSG00000090565.15 	H000;H003;H009;H012;H024;H036;H048;H120
ENSG00000100918.12 	H000;H048
ENSG00000167393.17 	H000;H003;H006;H009;H012;H018;H024;H036;H048;H072;H120;H168
ENSG00000278500.1 	H000;H003;H006;H009;H012;H018;H024;H036;H048;H072;H120;H168
ENSG00000103260.8 	H000;H006;H009;H012;H018;H024;H036;H048;H072;H120;H168
ENSG00000088305.18 	H000;H003;H006;H009;H012;H018;H024;H036;H048;H072;H120;H168
ENSG00000188820.12 	H003;H006;H009;H018;H048
ENSG00000184481.16 	H009;H048;H120;H168
ENSG00000178209.14 	H000;H003;H006;H009;H012;H018;H024;H036;H048;H072;H120;H168
ENSG00000170175.10 	H000;H003;H006;H009;H012;H018;H024;H036;H048;H072;H120;H168
ENSG00000167702.11 	H000;H003;H006;H009;H012;H018;H024;H036;H048;H072;H120;H168
ENSG00000180011.6 	H000;H003;H006;H009;H012;H018;H024;H036;H048;H072;H120;H168
ENSG00000182974.3 	H048;H072;H120;H168
ENSG00000154342.5 	H000;H003;H006;H009;H012;H018;H024;H036;H048;H072;H120;H168
ENSG00000188916.8 	H009;H024;H036;H048;H072;H120
ENSG00000187609.15 	H000;H003;H006;H009;H012;H018;H024;H036
ENSG00000187554.11 	H006;H009;H012;H024;H036;H048
ENSG00000133067.17 	H048;H072;H120;H168
ENSG00000127554.12 	H000;H003;H006;H009;H012;H018;H024;H036;H048;H072;H120;H168
ENSG00000257184.3 	H000;H003;H006;H009;H012;H018;H024;H036;H048;H072;H120;H168
ENSG00000161940.10 	H000;H003;H006;H009;H012;H018;H024;H036;H048;H072;H120;H168
ENSG00000136378.14 	H120;H168
ENSG00000162889.10 	H072;H120;H168
ENSG00000131507.10 	H000;H003;H006;H009;H012;H018;H024;H036;H048
ENSG00000125816.4 	H000;H003;H006;H009;H012;H024;H036;H048;H072;H120;H168
ENSG00000132376.19 	H120
ENSG00000072110.13 	H000;H012
ENSG00000157227.12 	H000;H003;H006;H009;H012;H018;H024;H036;H048;H072
ENSG00000071575.11 	H168
ENSG00000198858.9 	H009
ENSG00000198719.8 	H000;H003;H006;H009;H012;H018;H024;H036;H048;H072;H120;H168
ENSG00000108590.10 	H000;H024
ENSG00000137801.10 	H000;H003;H006;H009;H012;H018;H024;H036;H048;H072;H120;H168
ENSG00000161921.14 	H000;H003;H006;H009;H012;H018;H024;H036;H048;H072;H120
ENSG00000125676.19 	H000;H003;H009;H012;H018;H024;H036;H048;H072;H120
ENSG00000147408.14 	H000;H003;H006;H009;H012;H024;H036;H048;H120
ENSG00000170522.9 	H120;H168
ENSG00000077585.13 	H000;H003;H006;H009;H012;H018;H024;H036;H048;H072;H120;H168
ENSG00000164093.15 	H000;H003;H006;H009;H012;H018;H024;H036;H048;H072;H120;H168
ENSG00000110090.12 	H120;H168
ENSG00000172409.5 	H000;H003;H006;H009;H012;H018;H024;H036;H048;H072;H120;H168
ENSG00000099849.14 	H000;H003;H006;H009;H012;H018;H024;H036;H048;H072;H120;H168
ENSG00000182175.13 	H072;H120;H168
ENSG00000147905.17 	H168
ENSG00000171729.13 	H000;H003;H006;H009;H012;H018;H024;H036;H048;H072;H120
ENSG00000152818.18 	H000;H003;H006;H009;H012;H018;H024;H036;H048;H072;H120;H168
ENSG00000162878.12 	H168
ENSG00000167549.18 	H000;H003;H006;H009;H012;H018;H024;H036;H048;H072;H120;H168
ENSG00000173406.15 	H000;H003;H006;H009;H012;H018;H024;H036;H048;H072;H120;H168
ENSG00000125430.8 	H168
